id,time,y1
1,0.1,5.32765830620034
1,0.807142857142857,10.3788097362246
1,1.51428571428571,16.7831981528697
1,2.22142857142857,23.8642468320427
1,2.92857142857143,28.147633850089
1,3.63571428571429,31.5350782285003
1,4.34285714285714,32.9938352696018
1,5.05,34.1820767306597
1,5.75714285714286,37.6509324354866
1,6.46428571428571,37.8722475851492
1,7.17142857142857,37.0345566807148
1,7.87857142857143,38.5649360294038
1,8.58571428571429,34.7074905221604
1,9.29285714285714,35.0047134247835
1,10,35.7883484663582
2,0.1,1.09403012638491
2,0.807142857142857,6.18036843993755
2,1.51428571428571,14.0412454877387
2,2.22142857142857,23.3997196955797
2,2.92857142857143,30.7521268137757
2,3.63571428571429,35.991545584285
2,4.34285714285714,36.1228956692731
2,5.05,39.4340777548882
2,5.75714285714286,40.6607769450584
2,6.46428571428571,40.8180509033683
2,7.17142857142857,40.3018279374489
2,7.87857142857143,42.1184247041471
2,8.58571428571429,41.8146746077762
2,9.29285714285714,41.2890926218273
2,10,39.8374117032929
3,0.1,0.197493305799228
3,0.807142857142857,3.15243490439842
3,1.51428571428571,6.2241134336278
3,2.22142857142857,9.73578205028307
3,2.92857142857143,15.1364724732737
3,3.63571428571429,18.8050834173448
3,4.34285714285714,20.4677706789849
3,5.05,23.638729344779
3,5.75714285714286,26.037374865285
3,6.46428571428571,26.8654469451965
3,7.17142857142857,24.828058978694
3,7.87857142857143,26.1589271045575
3,8.58571428571429,26.4350967205524
3,9.29285714285714,26.4781667286962
3,10,28.3374180010969
4,0.1,1.4530530308439
4,0.807142857142857,4.72586827508187
4,1.51428571428571,7.90147778682656
4,2.22142857142857,13.245478684384
4,2.92857142857143,17.78924936633
4,3.63571428571429,21.8907019567702
4,4.34285714285714,26.8935546848083
4,5.05,26.3371162154036
4,5.75714285714286,28.2408347925127
4,6.46428571428571,27.7960862563044
4,7.17142857142857,28.1077846780016
4,7.87857142857143,28.8327006633893
4,8.58571428571429,29.1954600670205
4,9.29285714285714,29.0747310632986
4,10,29.6360667923725
5,0.1,-0.87432814384497
5,0.807142857142857,0.473611015759593
5,1.51428571428571,4.560575171215
5,2.22142857142857,10.4442619395056
5,2.92857142857143,13.468255860003
5,3.63571428571429,17.6393126387266
5,4.34285714285714,22.4608866051579
5,5.05,25.1860321242861
5,5.75714285714286,26.2627159281385
5,6.46428571428571,26.1520574390932
5,7.17142857142857,26.9270572972511
5,7.87857142857143,27.6886144340698
5,8.58571428571429,26.8558086922623
5,9.29285714285714,28.9031172012607
5,10,28.7298520014511
6,0.1,-0.376258237073149
6,0.807142857142857,4.37985168723935
6,1.51428571428571,10.9813581859274
6,2.22142857142857,20.3948472587836
6,2.92857142857143,26.9718346756815
6,3.63571428571429,32.7676841581219
6,4.34285714285714,35.9200070557526
6,5.05,37.1926307495209
6,5.75714285714286,39.382947465529
6,6.46428571428571,40.674376920702
6,7.17142857142857,39.9438484060665
6,7.87857142857143,39.9545070628298
6,8.58571428571429,39.5466046720361
6,9.29285714285714,42.4615687090952
6,10,41.5251826399626
7,0.1,2.5362752847366
7,0.807142857142857,3.04635308093234
7,1.51428571428571,9.26997410436772
7,2.22142857142857,15.470513498236
7,2.92857142857143,21.4243850376413
7,3.63571428571429,29.0018347795915
7,4.34285714285714,35.5316348308499
7,5.05,36.6439137149625
7,5.75714285714286,35.7509773805168
7,6.46428571428571,37.0229964247667
7,7.17142857142857,37.6765463876212
7,7.87857142857143,40.0253322312513
7,8.58571428571429,39.7094548585504
7,9.29285714285714,40.4363448652962
7,10,41.0919409169963
8,0.1,1.44163831521255
8,0.807142857142857,4.75267775128997
8,1.51428571428571,10.3992919174942
8,2.22142857142857,19.8584194141963
8,2.92857142857143,23.7891521008568
8,3.63571428571429,27.6693279885375
8,4.34285714285714,30.6396747886716
8,5.05,33.0365542058811
8,5.75714285714286,34.186254399765
8,6.46428571428571,34.7290077283018
8,7.17142857142857,32.1102109465419
8,7.87857142857143,34.6790902014006
8,8.58571428571429,32.5935646992051
8,9.29285714285714,34.2941317727282
8,10,33.2641227327598
9,0.1,1.54984028598337
9,0.807142857142857,4.55708912570665
9,1.51428571428571,8.03479473064348
9,2.22142857142857,10.8279686072485
9,2.92857142857143,14.6126346601187
9,3.63571428571429,19.8180959849118
9,4.34285714285714,20.5867651162308
9,5.05,21.1285864939322
9,5.75714285714286,23.0260454003179
9,6.46428571428571,22.262670758061
9,7.17142857142857,23.4309191784122
9,7.87857142857143,22.8193212123511
9,8.58571428571429,23.5455822998695
9,9.29285714285714,21.898111937885
9,10,23.6352570545797
10,0.1,0.664868388316762
10,0.807142857142857,4.37426111659897
10,1.51428571428571,9.16338497555849
10,2.22142857142857,15.5429530889808
10,2.92857142857143,19.586958011973
10,3.63571428571429,22.6595055364345
10,4.34285714285714,23.9336115159176
10,5.05,25.0274522990934
10,5.75714285714286,25.9768514125155
10,6.46428571428571,25.7858617488325
10,7.17142857142857,27.7782541166012
10,7.87857142857143,27.2481243940295
10,8.58571428571429,27.5991627063534
10,9.29285714285714,25.8480107556715
10,10,27.9655106619763
11,0.1,0.442857026878038
11,0.807142857142857,4.12617286835349
11,1.51428571428571,9.21415444488479
11,2.22142857142857,17.9363113232532
11,2.92857142857143,24.1846769251258
11,3.63571428571429,30.4995265883226
11,4.34285714285714,34.8436420473329
11,5.05,34.922432085212
11,5.75714285714286,40.1018030289247
11,6.46428571428571,40.9790880599801
11,7.17142857142857,42.2907464431444
11,7.87857142857143,41.9058699312424
11,8.58571428571429,40.5622417309381
11,9.29285714285714,41.2943063711685
11,10,43.0514453678382
12,0.1,0.868512265894209
12,0.807142857142857,4.04172462727948
12,1.51428571428571,7.04307193195356
12,2.22142857142857,12.7335172212247
12,2.92857142857143,16.5833929144058
12,3.63571428571429,21.9641929503285
12,4.34285714285714,25.6418232422313
12,5.05,27.4111365382502
12,5.75714285714286,28.8391713436471
12,6.46428571428571,30.4259687709442
12,7.17142857142857,29.4397477982596
12,7.87857142857143,29.4859411213279
12,8.58571428571429,29.3033637776241
12,9.29285714285714,29.5626170819546
12,10,29.8740696851195
13,0.1,0.868584924404578
13,0.807142857142857,6.09833790773574
13,1.51428571428571,11.6593470691377
13,2.22142857142857,19.9394680358575
13,2.92857142857143,24.9850645161671
13,3.63571428571429,29.8630342456316
13,4.34285714285714,28.8042253023116
13,5.05,29.822333987314
13,5.75714285714286,29.9433473833439
13,6.46428571428571,29.7748930055502
13,7.17142857142857,32.8875791539069
13,7.87857142857143,30.8758510805096
13,8.58571428571429,30.55728999184
13,9.29285714285714,29.8427210873179
13,10,30.0610127063919
14,0.1,2.09435929730779
14,0.807142857142857,6.05793198217922
14,1.51428571428571,13.0861596904255
14,2.22142857142857,18.6505102112373
14,2.92857142857143,26.8798190291386
14,3.63571428571429,32.8499439823193
14,4.34285714285714,38.0059016567728
14,5.05,37.6407899790774
14,5.75714285714286,37.5751526816031
14,6.46428571428571,39.6474779983822
14,7.17142857142857,38.8150251490557
14,7.87857142857143,39.8243972235906
14,8.58571428571429,40.7449262440152
14,9.29285714285714,41.6343922068036
14,10,42.543548848005
15,0.1,0.128757469180157
15,0.807142857142857,2.96776880525831
15,1.51428571428571,9.87500265687998
15,2.22142857142857,17.8229237018963
15,2.92857142857143,23.9881485238736
15,3.63571428571429,28.9059341071826
15,4.34285714285714,31.957742975033
15,5.05,35.7877222324049
15,5.75714285714286,35.5518384662648
15,6.46428571428571,35.2965422985962
15,7.17142857142857,38.1265058930562
15,7.87857142857143,37.9639872126591
15,8.58571428571429,37.1214187603024
15,9.29285714285714,39.1598048605478
15,10,37.250133293288
16,0.1,0.773476921647643
16,0.807142857142857,4.8326395651071
16,1.51428571428571,11.5844138916022
16,2.22142857142857,20.4423300543666
16,2.92857142857143,27.141653606698
16,3.63571428571429,31.9222039600594
16,4.34285714285714,34.6236343026412
16,5.05,35.7345485446529
16,5.75714285714286,36.5589704407931
16,6.46428571428571,37.8223939975438
16,7.17142857142857,36.7516107716231
16,7.87857142857143,38.1692146117917
16,8.58571428571429,40.5595466164264
16,9.29285714285714,37.7552803177844
16,10,38.9282614103734
17,0.1,2.16299860372553
17,0.807142857142857,3.05526692771
17,1.51428571428571,9.17278427965101
17,2.22142857142857,16.9489986555903
17,2.92857142857143,27.5719729009942
17,3.63571428571429,33.6716634996879
17,4.34285714285714,38.6920253645748
17,5.05,41.0105986580858
17,5.75714285714286,42.080810876597
17,6.46428571428571,42.826009028097
17,7.17142857142857,44.1086045985104
17,7.87857142857143,44.2427704061982
17,8.58571428571429,43.7607726026533
17,9.29285714285714,43.657792730646
17,10,42.6953368339657
18,0.1,-0.325371814605203
18,0.807142857142857,1.52281306116727
18,1.51428571428571,8.95317947269607
18,2.22142857142857,16.4980066188844
18,2.92857142857143,20.9098684797421
18,3.63571428571429,25.3530877941548
18,4.34285714285714,28.7141359415484
18,5.05,28.6597169696036
18,5.75714285714286,30.5436019047068
18,6.46428571428571,30.3605149466906
18,7.17142857142857,31.5377320544349
18,7.87857142857143,32.3663730222385
18,8.58571428571429,32.4699488956648
18,9.29285714285714,33.3759226413763
18,10,30.4369304723185
19,0.1,0.763642671998385
19,0.807142857142857,3.1369047690716
19,1.51428571428571,7.24946374802093
19,2.22142857142857,14.6929907215769
19,2.92857142857143,20.4253977328598
19,3.63571428571429,24.6920254843537
19,4.34285714285714,27.6438164662348
19,5.05,29.0732799335138
19,5.75714285714286,30.4936622189774
19,6.46428571428571,31.3507746406896
19,7.17142857142857,31.0776755096796
19,7.87857142857143,32.0500855068768
19,8.58571428571429,33.2646687947183
19,9.29285714285714,35.2155685516218
19,10,33.9488982544568
20,0.1,-0.480880330442702
20,0.807142857142857,4.33285209110702
20,1.51428571428571,8.99075930907248
20,2.22142857142857,17.9646710118269
20,2.92857142857143,25.8014453221028
20,3.63571428571429,31.1575131367188
20,4.34285714285714,34.8381548982503
20,5.05,36.8471419259642
20,5.75714285714286,37.4951533329988
20,6.46428571428571,36.9994849008659
20,7.17142857142857,37.8866580041272
20,7.87857142857143,38.6976082947128
20,8.58571428571429,39.9967931225231
20,9.29285714285714,37.9897299025903
20,10,39.2826848656334
21,0.1,0.872485840054748
21,0.807142857142857,2.01030962558624
21,1.51428571428571,7.86307528486261
21,2.22142857142857,12.2207176655102
21,2.92857142857143,17.2788230968895
21,3.63571428571429,21.9165227564142
21,4.34285714285714,24.5757694471023
21,5.05,26.4431564169457
21,5.75714285714286,27.8516772420042
21,6.46428571428571,27.9326612385516
21,7.17142857142857,30.0560911876117
21,7.87857142857143,28.64636639338
21,8.58571428571429,29.541646233955
21,9.29285714285714,28.3852584451603
21,10,30.3257083004261
22,0.1,1.29796599814161
22,0.807142857142857,6.63452972170852
22,1.51428571428571,14.4104567747294
22,2.22142857142857,20.7601351175292
22,2.92857142857143,25.6637216162532
22,3.63571428571429,30.2901065215562
22,4.34285714285714,33.483943690857
22,5.05,34.4591550172552
22,5.75714285714286,36.7361093373159
22,6.46428571428571,33.946164281319
22,7.17142857142857,36.1772976491667
22,7.87857142857143,34.0453250309487
22,8.58571428571429,35.7344329158401
22,9.29285714285714,34.7240379921172
22,10,35.7901284626858
23,0.1,2.17516456827004
23,0.807142857142857,3.4095148146343
23,1.51428571428571,8.15177003611043
23,2.22142857142857,13.9658441388856
23,2.92857142857143,18.479261850042
23,3.63571428571429,22.5375725458567
23,4.34285714285714,25.1096014776469
23,5.05,26.8566547663625
23,5.75714285714286,27.6185205962343
23,6.46428571428571,27.649815736274
23,7.17142857142857,28.2777377324052
23,7.87857142857143,29.1725693957908
23,8.58571428571429,30.4692952875346
23,9.29285714285714,28.8544089398077
23,10,26.7585454874199
24,0.1,1.79493135991729
24,0.807142857142857,2.78296572923603
24,1.51428571428571,9.97849095453297
24,2.22142857142857,15.4805495092666
24,2.92857142857143,22.7261320396833
24,3.63571428571429,26.4108873721799
24,4.34285714285714,29.7989627525596
24,5.05,30.6722655761798
24,5.75714285714286,31.0593065341422
24,6.46428571428571,33.3263930828468
24,7.17142857142857,33.1407592115113
24,7.87857142857143,32.5431883515249
24,8.58571428571429,34.9689398942661
24,9.29285714285714,34.6831899323428
24,10,34.5426720227479
25,0.1,-1.18555182706176
25,0.807142857142857,-0.0402023446475253
25,1.51428571428571,4.65778705285207
25,2.22142857142857,8.4317257384484
25,2.92857142857143,13.8053788715787
25,3.63571428571429,18.3665546599011
25,4.34285714285714,18.6033310119711
25,5.05,20.2568052711593
25,5.75714285714286,21.6974139436784
25,6.46428571428571,23.141572978225
25,7.17142857142857,23.6563708655492
25,7.87857142857143,22.699405996885
25,8.58571428571429,21.8522352422437
25,9.29285714285714,22.4008156200419
25,10,23.2525298734109
26,0.1,1.71752197358658
26,0.807142857142857,4.37952548412651
26,1.51428571428571,8.39301745503322
26,2.22142857142857,14.6340633182192
26,2.92857142857143,23.2533779910691
26,3.63571428571429,29.6502877469586
26,4.34285714285714,32.507594185134
26,5.05,36.118279916372
26,5.75714285714286,36.462848572141
26,6.46428571428571,39.1133469816866
26,7.17142857142857,38.1767796863675
26,7.87857142857143,39.0543741556809
26,8.58571428571429,37.6900637804672
26,9.29285714285714,39.0856630341128
26,10,39.082238627201
27,0.1,1.1552018983861
27,0.807142857142857,8.69700461436292
27,1.51428571428571,16.460088994288
27,2.22142857142857,20.983822685854
27,2.92857142857143,25.2802357435139
27,3.63571428571429,27.2713348540244
27,4.34285714285714,28.5724734450213
27,5.05,28.6795042139842
27,5.75714285714286,28.114898247216
27,6.46428571428571,30.2880643782824
27,7.17142857142857,29.2772324894164
27,7.87857142857143,30.2346125653223
27,8.58571428571429,30.3371198789777
27,9.29285714285714,29.6551899761684
27,10,28.9465238127487
28,0.1,-1.32818355812132
28,0.807142857142857,5.2480788750935
28,1.51428571428571,10.1318111508114
28,2.22142857142857,17.7450154073252
28,2.92857142857143,23.9257978626993
28,3.63571428571429,28.8341072791031
28,4.34285714285714,31.5857117565052
28,5.05,31.6193337426621
28,5.75714285714286,31.4533308343772
28,6.46428571428571,32.4610182429563
28,7.17142857142857,32.7896870729874
28,7.87857142857143,31.8389196014714
28,8.58571428571429,32.19291014982
28,9.29285714285714,30.7388397349078
28,10,31.0504303062807
29,0.1,0.511428543479924
29,0.807142857142857,5.78820050863047
29,1.51428571428571,10.6970938219644
29,2.22142857142857,18.6154218933554
29,2.92857142857143,23.6031120014052
29,3.63571428571429,26.3325477475481
29,4.34285714285714,27.9930192292129
29,5.05,28.8370792529404
29,5.75714285714286,29.9313567409674
29,6.46428571428571,29.4835049420238
29,7.17142857142857,32.41999557954
29,7.87857142857143,31.8230903023072
29,8.58571428571429,31.3052029891957
29,9.29285714285714,31.2945736220282
29,10,30.0697667763467
30,0.1,1.62839863408574
30,0.807142857142857,3.38263259648668
30,1.51428571428571,6.29410548240943
30,2.22142857142857,11.584866423042
30,2.92857142857143,14.7863810787695
30,3.63571428571429,17.9611351532964
30,4.34285714285714,18.5787331420417
30,5.05,20.4626627231281
30,5.75714285714286,21.9521484459867
30,6.46428571428571,21.5660304403663
30,7.17142857142857,22.8419657500895
30,7.87857142857143,22.2525358399186
30,8.58571428571429,23.3346699857228
30,9.29285714285714,22.6472962148244
30,10,24.3768274180867
31,0.1,0.441806246287098
31,0.807142857142857,3.95976788693954
31,1.51428571428571,10.8620723154439
31,2.22142857142857,16.2833953223074
31,2.92857142857143,21.6070637504557
31,3.63571428571429,25.5813379516894
31,4.34285714285714,25.4168712250363
31,5.05,24.4145053155808
31,5.75714285714286,27.4261392692373
31,6.46428571428571,28.4160003233379
31,7.17142857142857,27.8948655380756
31,7.87857142857143,28.1506940501779
31,8.58571428571429,28.4565431132118
31,9.29285714285714,27.8634379819535
31,10,29.0777494439174
32,0.1,1.83227851834139
32,0.807142857142857,4.48348264549555
32,1.51428571428571,9.30855154447002
32,2.22142857142857,19.0442892148715
32,2.92857142857143,24.5778501605911
32,3.63571428571429,31.324639997268
32,4.34285714285714,34.3248243935078
32,5.05,35.2279631476012
32,5.75714285714286,38.1724510420142
32,6.46428571428571,39.9310856881707
32,7.17142857142857,38.5332859191856
32,7.87857142857143,40.2140146363054
32,8.58571428571429,40.799369759277
32,9.29285714285714,40.1072042077878
32,10,41.2222556188719
33,0.1,-1.29531601867654
33,0.807142857142857,3.68641252882123
33,1.51428571428571,10.6839962031496
33,2.22142857142857,20.6429133213703
33,2.92857142857143,27.9011144264353
33,3.63571428571429,35.2183047701565
33,4.34285714285714,40.5649578851513
33,5.05,44.9503196129291
33,5.75714285714286,49.6172365866348
33,6.46428571428571,50.083801115183
33,7.17142857142857,51.6882928777505
33,7.87857142857143,51.3838753705539
33,8.58571428571429,52.8111561311339
33,9.29285714285714,53.0935942322937
33,10,52.4267176783805
34,0.1,0.717773349545576
34,0.807142857142857,2.82741481348605
34,1.51428571428571,8.61711903681138
34,2.22142857142857,14.4627509176042
34,2.92857142857143,19.4123400750378
34,3.63571428571429,23.5392242984664
34,4.34285714285714,25.5935785564482
34,5.05,28.6489363015111
34,5.75714285714286,28.9274728908454
34,6.46428571428571,28.0884146693645
34,7.17142857142857,28.7781444234505
34,7.87857142857143,30.5090814268444
34,8.58571428571429,29.6416140794775
34,9.29285714285714,29.9590213240476
34,10,27.6329408008551
35,0.1,1.80405208534335
35,0.807142857142857,4.62422499227058
35,1.51428571428571,13.6053841846934
35,2.22142857142857,21.7076874320237
35,2.92857142857143,27.6338788537857
35,3.63571428571429,31.9911039844224
35,4.34285714285714,33.517721386757
35,5.05,37.407645387009
35,5.75714285714286,37.2095838684805
35,6.46428571428571,35.1969813756789
35,7.17142857142857,37.4291117912026
35,7.87857142857143,37.8762934789757
35,8.58571428571429,37.6726847932361
35,9.29285714285714,37.565122569872
35,10,37.621484676227
36,0.1,0.961124460843176
36,0.807142857142857,7.53352600151168
36,1.51428571428571,16.5845492014428
36,2.22142857142857,25.4085273037786
36,2.92857142857143,30.0669224373416
36,3.63571428571429,37.7043503221385
36,4.34285714285714,40.5383212091224
36,5.05,40.7963305933556
36,5.75714285714286,42.1696262197072
36,6.46428571428571,39.6160645867907
36,7.17142857142857,42.0331513771423
36,7.87857142857143,41.4939837111465
36,8.58571428571429,42.0725507523003
36,9.29285714285714,42.5956267524059
36,10,42.3834798383454
37,0.1,2.10376698683892
37,0.807142857142857,8.43791970528357
37,1.51428571428571,20.2465724222342
37,2.22142857142857,33.4058635442345
37,2.92857142857143,41.6836623173164
37,3.63571428571429,45.7740940347245
37,4.34285714285714,47.3737683646301
37,5.05,48.5020068411037
37,5.75714285714286,49.6818513087798
37,6.46428571428571,51.7729829764297
37,7.17142857142857,50.424063805632
37,7.87857142857143,51.2623425247124
37,8.58571428571429,50.7980970935595
37,9.29285714285714,51.7443933559033
37,10,50.9491112402379
38,0.1,0.631385255425148
38,0.807142857142857,4.0592775510148
38,1.51428571428571,11.3453815735632
38,2.22142857142857,16.8175604169619
38,2.92857142857143,23.1644205615904
38,3.63571428571429,28.1024882448719
38,4.34285714285714,31.8398881640253
38,5.05,34.09852086436
38,5.75714285714286,34.7418431443131
38,6.46428571428571,37.0152562872761
38,7.17142857142857,34.0735392488141
38,7.87857142857143,35.2790030759338
38,8.58571428571429,37.3178211712557
38,9.29285714285714,37.5094450723145
38,10,36.5890277828174
39,0.1,-0.627680512732048
39,0.807142857142857,2.52442877917646
39,1.51428571428571,5.00484525796138
39,2.22142857142857,4.21153704936956
39,2.92857142857143,8.57908412717314
39,3.63571428571429,8.41791718187486
39,4.34285714285714,11.2909395657555
39,5.05,11.708213518061
39,5.75714285714286,12.4848067839122
39,6.46428571428571,13.0798931763971
39,7.17142857142857,11.4599893027204
39,7.87857142857143,9.81594745757776
39,8.58571428571429,10.9528010474676
39,9.29285714285714,10.3831551380615
39,10,10.585076539555
40,0.1,1.72631747200521
40,0.807142857142857,4.25612670232303
40,1.51428571428571,10.3669035518285
40,2.22142857142857,17.8307742739957
40,2.92857142857143,22.1568345089946
40,3.63571428571429,24.2158155767598
40,4.34285714285714,26.5092265504857
40,5.05,30.0830024058622
40,5.75714285714286,29.6361086035655
40,6.46428571428571,29.5703477876796
40,7.17142857142857,28.5419331027406
40,7.87857142857143,29.3871284306071
40,8.58571428571429,29.4458482828697
40,9.29285714285714,29.7976826314991
40,10,32.1009057967334
41,0.1,0.641103392539789
41,0.807142857142857,5.09326279901899
41,1.51428571428571,12.9552036712202
41,2.22142857142857,18.9055062897168
41,2.92857142857143,24.8212315903224
41,3.63571428571429,28.6949812483813
41,4.34285714285714,29.5523884918967
41,5.05,31.1940022164297
41,5.75714285714286,34.5680712263446
41,6.46428571428571,34.074194615858
41,7.17142857142857,34.072481796284
41,7.87857142857143,33.2489116121305
41,8.58571428571429,35.4536576996162
41,9.29285714285714,36.399742444943
41,10,33.6088459213798
42,0.1,0.538405705948595
42,0.807142857142857,3.26056344646278
42,1.51428571428571,10.6809998657161
42,2.22142857142857,19.1080231741156
42,2.92857142857143,27.605490645862
42,3.63571428571429,33.1843094656938
42,4.34285714285714,37.1117062470835
42,5.05,38.1203776174046
42,5.75714285714286,39.6171126328596
42,6.46428571428571,40.6743926595189
42,7.17142857142857,40.2650166900403
42,7.87857142857143,38.7051311197295
42,8.58571428571429,40.1242668502276
42,9.29285714285714,37.6679711263245
42,10,39.1391763892834
43,0.1,0.550785431093573
43,0.807142857142857,2.35799183849982
43,1.51428571428571,10.266597144127
43,2.22142857142857,15.8732772905318
43,2.92857142857143,20.8538548922977
43,3.63571428571429,23.961960222925
43,4.34285714285714,26.9997217763293
43,5.05,28.0070694583165
43,5.75714285714286,29.2884604458231
43,6.46428571428571,27.6629478501578
43,7.17142857142857,28.7275264903463
43,7.87857142857143,29.3620967264969
43,8.58571428571429,30.7310430638363
43,9.29285714285714,29.6165042769452
43,10,30.0916119506041
44,0.1,0.562956261754698
44,0.807142857142857,4.29465578843504
44,1.51428571428571,8.27818166124816
44,2.22142857142857,15.4122145810847
44,2.92857142857143,20.7242308429548
44,3.63571428571429,28.3453174456674
44,4.34285714285714,31.8381273393311
44,5.05,34.3544585568851
44,5.75714285714286,36.5725103120165
44,6.46428571428571,37.5961324169125
44,7.17142857142857,37.9379807029518
44,7.87857142857143,40.1568725089907
44,8.58571428571429,41.8547917487394
44,9.29285714285714,39.2886518122652
44,10,42.6429315532987
45,0.1,1.55322210254885
45,0.807142857142857,2.54826953565496
45,1.51428571428571,11.5064835488491
45,2.22142857142857,21.1282806925876
45,2.92857142857143,30.48932227652
45,3.63571428571429,36.7587906734824
45,4.34285714285714,40.7330313490182
45,5.05,42.5370707532901
45,5.75714285714286,44.2926439839808
45,6.46428571428571,45.5662394142211
45,7.17142857142857,45.145615299489
45,7.87857142857143,45.2617202124261
45,8.58571428571429,45.7110764533213
45,9.29285714285714,46.2895107080313
45,10,45.5772425449442
46,0.1,0.363051791911977
46,0.807142857142857,7.81994718873786
46,1.51428571428571,15.3738521657331
46,2.22142857142857,24.7233544845935
46,2.92857142857143,29.2303530080843
46,3.63571428571429,32.9581415717753
46,4.34285714285714,36.2673086499303
46,5.05,37.3339694164672
46,5.75714285714286,37.7625362367708
46,6.46428571428571,37.2363712622162
46,7.17142857142857,36.9200239630126
46,7.87857142857143,37.350406402175
46,8.58571428571429,36.814384650557
46,9.29285714285714,38.3139598444858
46,10,37.9031019041834
47,0.1,1.27621459941819
47,0.807142857142857,3.84207874232631
47,1.51428571428571,9.48005329816
47,2.22142857142857,13.7272509221537
47,2.92857142857143,20.8172275702206
47,3.63571428571429,23.7072579511232
47,4.34285714285714,26.5385067026424
47,5.05,27.7276094383832
47,5.75714285714286,27.8877252492326
47,6.46428571428571,27.6552918946318
47,7.17142857142857,29.5414618592071
47,7.87857142857143,28.3858816113405
47,8.58571428571429,27.7759974722287
47,9.29285714285714,28.2319146929284
47,10,26.6964555541389
48,0.1,-0.360088544936732
48,0.807142857142857,3.34679791269079
48,1.51428571428571,9.23125899842629
48,2.22142857142857,19.1474607115213
48,2.92857142857143,26.0258534988093
48,3.63571428571429,28.6127629400006
48,4.34285714285714,33.2601880283895
48,5.05,36.7822117976985
48,5.75714285714286,37.3761097632858
48,6.46428571428571,37.7550901925549
48,7.17142857142857,40.7522469313665
48,7.87857142857143,40.1391201087826
48,8.58571428571429,41.9603562854857
48,9.29285714285714,43.2490889966059
48,10,41.5090324767663
49,0.1,0.372393131565773
49,0.807142857142857,3.15931814019225
49,1.51428571428571,7.83156413744338
49,2.22142857142857,15.763052671736
49,2.92857142857143,23.6993207506078
49,3.63571428571429,28.0310045418442
49,4.34285714285714,33.3884257633626
49,5.05,36.6139717573918
49,5.75714285714286,38.2739993914062
49,6.46428571428571,40.4420035197044
49,7.17142857142857,42.0599942803232
49,7.87857142857143,43.8526146955098
49,8.58571428571429,43.1878847825438
49,9.29285714285714,41.7132846584711
49,10,42.1101894189251
50,0.1,1.71409359705074
50,0.807142857142857,5.18040708224245
50,1.51428571428571,11.2607888830716
50,2.22142857142857,18.8182982986607
50,2.92857142857143,24.6794301766837
50,3.63571428571429,31.2957680526562
50,4.34285714285714,31.8929825073986
50,5.05,33.52655196207
50,5.75714285714286,35.6044786777247
50,6.46428571428571,37.4866253178168
50,7.17142857142857,36.979278627214
50,7.87857142857143,37.7820958703439
50,8.58571428571429,36.6030643542039
50,9.29285714285714,36.7296616682194
50,10,37.4206356962669
51,0.1,1.41140934833724
51,0.807142857142857,3.57487708164545
51,1.51428571428571,7.7472739899762
51,2.22142857142857,14.6198189967997
51,2.92857142857143,20.5393551273727
51,3.63571428571429,24.417381350646
51,4.34285714285714,28.8150480269523
51,5.05,31.5594466446688
51,5.75714285714286,33.6647464407715
51,6.46428571428571,35.5785012863608
51,7.17142857142857,35.816907553225
51,7.87857142857143,35.7151328357381
51,8.58571428571429,34.7390934142176
51,9.29285714285714,36.8822574836923
51,10,35.9130591349294
52,0.1,0.316765505861268
52,0.807142857142857,1.5711121795598
52,1.51428571428571,6.40914407403577
52,2.22142857142857,12.7795354098836
52,2.92857142857143,15.7573420191441
52,3.63571428571429,18.5180273978843
52,4.34285714285714,19.4833103262584
52,5.05,20.1442028068865
52,5.75714285714286,21.4237714874041
52,6.46428571428571,20.727588680797
52,7.17142857142857,22.0553614731205
52,7.87857142857143,22.1084105944111
52,8.58571428571429,22.5118753432477
52,9.29285714285714,22.2660945442655
52,10,23.6020467456991
53,0.1,2.83065777188374
53,0.807142857142857,7.60160544110322
53,1.51428571428571,16.823565983261
53,2.22142857142857,27.0719608987502
53,2.92857142857143,36.6176609960837
53,3.63571428571429,40.198790207178
53,4.34285714285714,41.9136031130085
53,5.05,45.2266682288478
53,5.75714285714286,44.7475465531666
53,6.46428571428571,44.5370532229933
53,7.17142857142857,46.3083770187972
53,7.87857142857143,44.6444810727789
53,8.58571428571429,46.3478403394392
53,9.29285714285714,47.5812306758025
53,10,46.8868337353057
54,0.1,-0.260849593728611
54,0.807142857142857,1.70226777103328
54,1.51428571428571,4.51052099738469
54,2.22142857142857,8.71596466031794
54,2.92857142857143,12.3616721563834
54,3.63571428571429,14.9544771913559
54,4.34285714285714,15.8690270885059
54,5.05,17.2284905822244
54,5.75714285714286,17.6466804643409
54,6.46428571428571,18.6014066826102
54,7.17142857142857,16.4511646508269
54,7.87857142857143,18.6956613665129
54,8.58571428571429,18.4882712368934
54,9.29285714285714,19.6454234698943
54,10,18.4063439760621
55,0.1,0.399990543396418
55,0.807142857142857,4.49444133223729
55,1.51428571428571,9.15360442410446
55,2.22142857142857,14.2223062334103
55,2.92857142857143,16.5140263134408
55,3.63571428571429,17.5335735549426
55,4.34285714285714,17.4693200823542
55,5.05,17.1689759054726
55,5.75714285714286,18.7480950883189
55,6.46428571428571,19.9486616922865
55,7.17142857142857,20.1195453532459
55,7.87857142857143,18.6074851999127
55,8.58571428571429,20.6582348860683
55,9.29285714285714,21.2984902862883
55,10,22.4875791269439
56,0.1,0.733396064188969
56,0.807142857142857,4.69045870089779
56,1.51428571428571,10.0984224190432
56,2.22142857142857,16.5721674034478
56,2.92857142857143,23.7342359026466
56,3.63571428571429,27.2235335654954
56,4.34285714285714,30.6738448243007
56,5.05,32.7091019406509
56,5.75714285714286,33.3580085322961
56,6.46428571428571,32.2487082289397
56,7.17142857142857,33.3581669831273
56,7.87857142857143,33.6799060076506
56,8.58571428571429,35.8409277179947
56,9.29285714285714,34.5360323882698
56,10,33.4911828633247
57,0.1,0.748136521261948
57,0.807142857142857,5.51970203310638
57,1.51428571428571,10.6085390883657
57,2.22142857142857,17.4404109282359
57,2.92857142857143,21.8621273243782
57,3.63571428571429,24.5793137788103
57,4.34285714285714,26.4838538894021
57,5.05,25.9959243060381
57,5.75714285714286,27.3214848715342
57,6.46428571428571,28.7025346056878
57,7.17142857142857,27.5283885214137
57,7.87857142857143,27.863190678566
57,8.58571428571429,26.5390790700922
57,9.29285714285714,27.9057042585677
57,10,27.739810562209
58,0.1,0.539591892143732
58,0.807142857142857,4.33902180654515
58,1.51428571428571,12.093372395226
58,2.22142857142857,21.5950915557928
58,2.92857142857143,29.2331247659456
58,3.63571428571429,32.5242254694082
58,4.34285714285714,36.6042289755648
58,5.05,37.9264280271465
58,5.75714285714286,37.0619298451027
58,6.46428571428571,38.2100875499654
58,7.17142857142857,38.6707285891636
58,7.87857142857143,39.555974023339
58,8.58571428571429,39.1616689816371
58,9.29285714285714,39.1799043192384
58,10,40.5789088044438
59,0.1,0.78160094646331
59,0.807142857142857,2.86191594937418
59,1.51428571428571,5.81016869350352
59,2.22142857142857,12.099972947602
59,2.92857142857143,15.4309148621
59,3.63571428571429,19.0295399295751
59,4.34285714285714,20.9004480206586
59,5.05,23.819435434032
59,5.75714285714286,24.2908176547806
59,6.46428571428571,25.235491618223
59,7.17142857142857,26.9213514669384
59,7.87857142857143,25.9684113195346
59,8.58571428571429,25.71194625379
59,9.29285714285714,24.4130290487032
59,10,26.0619473888389
60,0.1,0.436395492429742
60,0.807142857142857,4.58151581502485
60,1.51428571428571,11.2593145700848
60,2.22142857142857,17.8866366742137
60,2.92857142857143,24.8935941179688
60,3.63571428571429,29.5253596287023
60,4.34285714285714,32.8921175416223
60,5.05,34.8821274433636
60,5.75714285714286,37.1608302721304
60,6.46428571428571,36.3325496842093
60,7.17142857142857,38.0841519085796
60,7.87857142857143,36.6891821023347
60,8.58571428571429,38.1499984844009
60,9.29285714285714,38.1987054860094
60,10,37.8246304551374
61,0.1,2.49184543525748
61,0.807142857142857,5.03694489934064
61,1.51428571428571,9.68183428974853
61,2.22142857142857,17.1660711675377
61,2.92857142857143,24.0347824531119
61,3.63571428571429,26.3283432837524
61,4.34285714285714,27.2504577768755
61,5.05,29.6769778442253
61,5.75714285714286,32.5205703473972
61,6.46428571428571,32.831786912066
61,7.17142857142857,31.9892594560627
61,7.87857142857143,31.8021934788472
61,8.58571428571429,31.1729023191065
61,9.29285714285714,32.1934735452332
61,10,32.4805712699996
62,0.1,2.36617870025755
62,0.807142857142857,3.30122390273631
62,1.51428571428571,9.0298608961912
62,2.22142857142857,19.5788039169086
62,2.92857142857143,29.809890467769
62,3.63571428571429,33.3531813264609
62,4.34285714285714,37.2574457042065
62,5.05,38.3543452443015
62,5.75714285714286,39.7064463736789
62,6.46428571428571,38.6146399855181
62,7.17142857142857,40.4814035637429
62,7.87857142857143,42.0405346898621
62,8.58571428571429,41.382818779748
62,9.29285714285714,40.0855746419185
62,10,42.7982479538208
63,0.1,0.983972382084725
63,0.807142857142857,3.93601793742999
63,1.51428571428571,9.22239781719013
63,2.22142857142857,19.1833561883918
63,2.92857142857143,24.2031320363022
63,3.63571428571429,31.6387596483718
63,4.34285714285714,34.6769066840244
63,5.05,36.0691220490759
63,5.75714285714286,37.6306406130818
63,6.46428571428571,38.199187252046
63,7.17142857142857,38.5316440792882
63,7.87857142857143,40.1682018903379
63,8.58571428571429,39.6180610512812
63,9.29285714285714,39.7569233783045
63,10,41.1405582737094
64,0.1,-0.167341639223075
64,0.807142857142857,2.53444528054482
64,1.51428571428571,8.12385253178687
64,2.22142857142857,12.2165320455181
64,2.92857142857143,15.2060116393267
64,3.63571428571429,19.3865221129882
64,4.34285714285714,20.9028049526451
64,5.05,22.8473483081312
64,5.75714285714286,23.6051563023565
64,6.46428571428571,23.7532937914356
64,7.17142857142857,24.5394113127421
64,7.87857142857143,23.2249064629375
64,8.58571428571429,22.899334722898
64,9.29285714285714,22.7134982315694
64,10,22.835908690924
65,0.1,3.69482376626767
65,0.807142857142857,4.91906169029112
65,1.51428571428571,10.6639668350789
65,2.22142857142857,14.3226863628552
65,2.92857142857143,19.5114874741154
65,3.63571428571429,21.1697985643677
65,4.34285714285714,23.3607571327773
65,5.05,23.8738311638435
65,5.75714285714286,26.0405657308566
65,6.46428571428571,25.6522575516586
65,7.17142857142857,25.561897788453
65,7.87857142857143,27.0919949904067
65,8.58571428571429,27.2373948774923
65,9.29285714285714,25.7344458543639
65,10,25.0607820470085
66,0.1,1.05733309220955
66,0.807142857142857,1.39550388606349
66,1.51428571428571,5.24817550621332
66,2.22142857142857,9.74950174447263
66,2.92857142857143,15.1296837780918
66,3.63571428571429,19.5551456032957
66,4.34285714285714,20.4976964965107
66,5.05,23.9303701974008
66,5.75714285714286,25.6415721984652
66,6.46428571428571,25.8217791279702
66,7.17142857142857,26.6122192937633
66,7.87857142857143,28.2894575158477
66,8.58571428571429,28.0758840341361
66,9.29285714285714,28.2761909623401
66,10,27.8712773266146
67,0.1,1.14694930486486
67,0.807142857142857,3.83041305070227
67,1.51428571428571,6.36385782954459
67,2.22142857142857,11.939526788961
67,2.92857142857143,17.5446565650223
67,3.63571428571429,22.2883160143788
67,4.34285714285714,26.0535905191187
67,5.05,29.6284339562494
67,5.75714285714286,31.7334643193008
67,6.46428571428571,33.2407656983367
67,7.17142857142857,35.4471500522242
67,7.87857142857143,36.6019767795192
67,8.58571428571429,37.545594707621
67,9.29285714285714,36.8205226810005
67,10,38.1645024130987
68,0.1,3.39971866028286
68,0.807142857142857,6.98812752002372
68,1.51428571428571,15.4056964924182
68,2.22142857142857,23.258024045262
68,2.92857142857143,28.6759816833345
68,3.63571428571429,29.9656868938892
68,4.34285714285714,34.4007028853684
68,5.05,35.9089762448378
68,5.75714285714286,36.1059023384218
68,6.46428571428571,36.2739757212485
68,7.17142857142857,38.0274375599756
68,7.87857142857143,36.214235639728
68,8.58571428571429,35.102860571913
68,9.29285714285714,36.6122234211542
68,10,37.0490960099201
69,0.1,0.455440203467775
69,0.807142857142857,3.35769261561801
69,1.51428571428571,6.7513773446058
69,2.22142857142857,10.9079394239919
69,2.92857142857143,14.9236904482752
69,3.63571428571429,18.2329870169311
69,4.34285714285714,20.3400885763911
69,5.05,23.2609112540579
69,5.75714285714286,23.6359756120303
69,6.46428571428571,23.6511853184033
69,7.17142857142857,24.542671304096
69,7.87857142857143,25.9545199552567
69,8.58571428571429,27.758393803621
69,9.29285714285714,26.2926256795339
69,10,25.0105466846378
70,0.1,0.655409312770384
70,0.807142857142857,1.76763168918676
70,1.51428571428571,5.62639010113968
70,2.22142857142857,11.4550833360799
70,2.92857142857143,17.3592975313366
70,3.63571428571429,21.9173841396165
70,4.34285714285714,24.3886077001023
70,5.05,27.5211250868924
70,5.75714285714286,29.5820528636446
70,6.46428571428571,30.5750947385199
70,7.17142857142857,30.1389983603227
70,7.87857142857143,29.9782299528083
70,8.58571428571429,29.8178997811716
70,9.29285714285714,30.0167702400035
70,10,29.7806828837393
71,0.1,1.54813949665929
71,0.807142857142857,5.05321036236883
71,1.51428571428571,15.27153485347
71,2.22142857142857,24.0049989678412
71,2.92857142857143,33.0018300100859
71,3.63571428571429,36.6448020508814
71,4.34285714285714,38.9630122316326
71,5.05,42.8529195162044
71,5.75714285714286,41.963847631628
71,6.46428571428571,43.0730112358497
71,7.17142857142857,44.1307919151227
71,7.87857142857143,43.7501062102758
71,8.58571428571429,44.1083511513054
71,9.29285714285714,43.7912205449988
71,10,42.785309016939
72,0.1,2.34650989136488
72,0.807142857142857,7.76350697466387
72,1.51428571428571,17.1243285412641
72,2.22142857142857,22.4649043316204
72,2.92857142857143,30.7685945310236
72,3.63571428571429,37.4172183551612
72,4.34285714285714,38.6117805867381
72,5.05,38.9089946640625
72,5.75714285714286,42.3094190892801
72,6.46428571428571,43.6081031219901
72,7.17142857142857,43.4051210530706
72,7.87857142857143,44.1225723016395
72,8.58571428571429,45.6180508629481
72,9.29285714285714,46.3248965020654
72,10,45.2579391056498
73,0.1,-1.43416962043497
73,0.807142857142857,4.14917763692131
73,1.51428571428571,9.98190597580941
73,2.22142857142857,14.6999328061778
73,2.92857142857143,19.5804939366146
73,3.63571428571429,24.7774187122379
73,4.34285714285714,29.1604347878727
73,5.05,28.3617518425369
73,5.75714285714286,29.0937034695993
73,6.46428571428571,31.2275091846335
73,7.17142857142857,30.9447810466263
73,7.87857142857143,32.2459355481969
73,8.58571428571429,32.3039536082231
73,9.29285714285714,34.0199093947082
73,10,31.4670800708775
74,0.1,2.13128826676299
74,0.807142857142857,9.37657273973421
74,1.51428571428571,20.0397395225398
74,2.22142857142857,30.8319545127596
74,2.92857142857143,40.5627504640481
74,3.63571428571429,46.94775107206
74,4.34285714285714,49.8688765287311
74,5.05,52.6020754119126
74,5.75714285714286,52.8167444365246
74,6.46428571428571,53.4848538628086
74,7.17142857142857,53.7624994805889
74,7.87857142857143,54.7182603657299
74,8.58571428571429,57.1264432718013
74,9.29285714285714,56.4902054351468
74,10,56.3371585546148
75,0.1,-0.108060289783838
75,0.807142857142857,2.5073180692254
75,1.51428571428571,8.97375140024277
75,2.22142857142857,16.7153283198517
75,2.92857142857143,22.4153518587382
75,3.63571428571429,27.4605561824869
75,4.34285714285714,30.1628006265175
75,5.05,33.3114345786565
75,5.75714285714286,35.5174717718779
75,6.46428571428571,36.2668163943902
75,7.17142857142857,36.3752665320867
75,7.87857142857143,36.882431096375
75,8.58571428571429,37.2805618724507
75,9.29285714285714,37.3816931163377
75,10,39.0067493107267
76,0.1,2.27705238163735
76,0.807142857142857,3.05966823814282
76,1.51428571428571,6.5333359066397
76,2.22142857142857,10.2144292732388
76,2.92857142857143,13.9667290334168
76,3.63571428571429,16.7040150780029
76,4.34285714285714,19.0421776449619
76,5.05,20.2152787526695
76,5.75714285714286,24.8790174506595
76,6.46428571428571,23.6444059093352
76,7.17142857142857,25.5309233725964
76,7.87857142857143,23.2373923313572
76,8.58571428571429,24.1102338741524
76,9.29285714285714,22.8894551239869
76,10,25.3603860642974
77,0.1,2.18675941638068
77,0.807142857142857,4.41647632283216
77,1.51428571428571,12.9392745838667
77,2.22142857142857,22.5930740513947
77,2.92857142857143,30.4710484381538
77,3.63571428571429,36.6229958489415
77,4.34285714285714,39.4837732266761
77,5.05,42.086994710346
77,5.75714285714286,42.1494836526473
77,6.46428571428571,42.8492496373139
77,7.17142857142857,43.8248523328241
77,7.87857142857143,46.8071735077809
77,8.58571428571429,47.0757246626931
77,9.29285714285714,46.64861691423
77,10,46.6062864701757
78,0.1,2.57147997897955
78,0.807142857142857,7.57540808416466
78,1.51428571428571,15.6463853535733
78,2.22142857142857,25.9038428028469
78,2.92857142857143,33.1571091561859
78,3.63571428571429,35.6524429748773
78,4.34285714285714,38.8177278457133
78,5.05,40.5260444098227
78,5.75714285714286,42.372100224722
78,6.46428571428571,43.1847624142555
78,7.17142857142857,42.84300834909
78,7.87857142857143,42.9621136307688
78,8.58571428571429,43.0258361225761
78,9.29285714285714,43.5235023085043
78,10,42.2924280196664
79,0.1,0.0934539335194766
79,0.807142857142857,4.91627668236451
79,1.51428571428571,11.4883398052726
79,2.22142857142857,18.7455993379265
79,2.92857142857143,23.8404515158593
79,3.63571428571429,23.5214769827384
79,4.34285714285714,28.3675928383193
79,5.05,29.1670945112793
79,5.75714285714286,29.7584376033674
79,6.46428571428571,30.6524891785885
79,7.17142857142857,30.9665721123367
79,7.87857142857143,31.2439310462114
79,8.58571428571429,29.5508592948056
79,9.29285714285714,30.2678719006168
79,10,29.4634702124321
80,0.1,1.4351093319791
80,0.807142857142857,4.32237734168651
80,1.51428571428571,6.81492877459446
80,2.22142857142857,11.7447637868285
80,2.92857142857143,16.1635956937222
80,3.63571428571429,19.7738277689334
80,4.34285714285714,22.1092903543005
80,5.05,22.3266968375856
80,5.75714285714286,23.0642894327638
80,6.46428571428571,25.2155565283431
80,7.17142857142857,24.119629943898
80,7.87857142857143,24.0728499705283
80,8.58571428571429,22.8570103227775
80,9.29285714285714,23.0450579757419
80,10,21.8795666447177
81,0.1,2.16220447458304
81,0.807142857142857,1.45518821710118
81,1.51428571428571,4.80926019515145
81,2.22142857142857,6.97717033253657
81,2.92857142857143,9.30693883363521
81,3.63571428571429,13.2806909567901
81,4.34285714285714,14.3046326463322
81,5.05,13.6991697933601
81,5.75714285714286,16.3205723101671
81,6.46428571428571,16.8840818065368
81,7.17142857142857,17.435289426871
81,7.87857142857143,18.0539788406648
81,8.58571428571429,16.788226585174
81,9.29285714285714,17.2396213000653
81,10,16.0430106467181
82,0.1,3.06015007275685
82,0.807142857142857,4.47292319508112
82,1.51428571428571,13.1637246199621
82,2.22142857142857,18.3625343716176
82,2.92857142857143,24.4231845091357
82,3.63571428571429,27.7735537571773
82,4.34285714285714,30.1566451019532
82,5.05,31.4104990157789
82,5.75714285714286,33.9778921699188
82,6.46428571428571,35.3608956838129
82,7.17142857142857,36.1357134919563
82,7.87857142857143,35.690383039119
82,8.58571428571429,34.5400909931796
82,9.29285714285714,35.131192317746
82,10,35.927516526808
83,0.1,-0.288282475583609
83,0.807142857142857,4.25852257036547
83,1.51428571428571,9.61055927134997
83,2.22142857142857,18.741782337446
83,2.92857142857143,22.1499915181275
83,3.63571428571429,24.4780168007585
83,4.34285714285714,27.7232978285924
83,5.05,28.3047236710671
83,5.75714285714286,28.3773932365774
83,6.46428571428571,29.187206653338
83,7.17142857142857,30.2885219034043
83,7.87857142857143,27.9137702699069
83,8.58571428571429,26.7788416581133
83,9.29285714285714,28.0346972069446
83,10,28.7018514344443
84,0.1,0.914130344375107
84,0.807142857142857,1.45115792011921
84,1.51428571428571,6.61052433611416
84,2.22142857142857,11.8150622645968
84,2.92857142857143,16.8193401265892
84,3.63571428571429,18.1884334337589
84,4.34285714285714,20.150038095817
84,5.05,22.4528556418783
84,5.75714285714286,23.7416469595889
84,6.46428571428571,24.4028131090476
84,7.17142857142857,23.3310925956976
84,7.87857142857143,23.8276249764887
84,8.58571428571429,22.5734454943773
84,9.29285714285714,22.175110948403
84,10,22.5333825117382
85,0.1,-0.218398204638167
85,0.807142857142857,0.868366346309608
85,1.51428571428571,2.57936108150187
85,2.22142857142857,7.01307550533336
85,2.92857142857143,12.3862950735276
85,3.63571428571429,14.2304327655247
85,4.34285714285714,17.3721441632
85,5.05,19.2644431252414
85,5.75714285714286,18.3845359582145
85,6.46428571428571,17.7828153802549
85,7.17142857142857,19.16547719999
85,7.87857142857143,19.1160136121795
85,8.58571428571429,20.0977397714368
85,9.29285714285714,20.2933709587677
85,10,18.0436485920575
86,0.1,0.456577429809391
86,0.807142857142857,4.68108911447749
86,1.51428571428571,8.44544882577598
86,2.22142857142857,19.8381671412196
86,2.92857142857143,26.3719070316636
86,3.63571428571429,30.9335817928348
86,4.34285714285714,33.4646343493657
86,5.05,35.1430226433963
86,5.75714285714286,36.5551063111066
86,6.46428571428571,38.8682622708146
86,7.17142857142857,38.4563053202686
86,7.87857142857143,38.4088327653232
86,8.58571428571429,38.123740365764
86,9.29285714285714,36.8447331140584
86,10,37.3201963547792
87,0.1,3.62429971160532
87,0.807142857142857,5.46747681123144
87,1.51428571428571,12.8259698200745
87,2.22142857142857,19.2422457363112
87,2.92857142857143,25.5018177689685
87,3.63571428571429,29.922068422484
87,4.34285714285714,32.8585689387967
87,5.05,35.5802598031284
87,5.75714285714286,34.9483018417743
87,6.46428571428571,35.4190341076152
87,7.17142857142857,35.5073434507363
87,7.87857142857143,34.9340160448625
87,8.58571428571429,37.3276150879063
87,9.29285714285714,36.6841557363391
87,10,37.2155093192768
88,0.1,2.11565113573688
88,0.807142857142857,9.6800654019287
88,1.51428571428571,18.2516288898422
88,2.22142857142857,23.0349349886713
88,2.92857142857143,29.1723006718303
88,3.63571428571429,31.8730960814631
88,4.34285714285714,34.3678233848856
88,5.05,34.7670244456557
88,5.75714285714286,34.8051875526964
88,6.46428571428571,35.6981097940907
88,7.17142857142857,35.5854515557634
88,7.87857142857143,34.7422408121898
88,8.58571428571429,36.6631913147301
88,9.29285714285714,36.5626880186493
88,10,36.8155666715011
89,0.1,1.61657645879434
89,0.807142857142857,6.70565981326836
89,1.51428571428571,15.3609561995996
89,2.22142857142857,26.4901510133755
89,2.92857142857143,32.1242383628802
89,3.63571428571429,33.7584827772993
89,4.34285714285714,35.1164252774703
89,5.05,37.2240283630066
89,5.75714285714286,36.8633712179217
89,6.46428571428571,39.8152082574819
89,7.17142857142857,39.0988759831857
89,7.87857142857143,37.7789285274369
89,8.58571428571429,41.011662552886
89,9.29285714285714,39.9600825275791
89,10,37.7010772519062
90,0.1,0.46517942083598
90,0.807142857142857,3.98795026636717
90,1.51428571428571,8.92943912781788
90,2.22142857142857,15.7223901529337
90,2.92857142857143,21.1041951250637
90,3.63571428571429,25.0391634877018
90,4.34285714285714,30.1409509541482
90,5.05,29.8949849043608
90,5.75714285714286,31.0685734485161
90,6.46428571428571,31.4793278948919
90,7.17142857142857,33.4553662910423
90,7.87857142857143,35.4053799761868
90,8.58571428571429,34.8782756846263
90,9.29285714285714,33.7555589083736
90,10,34.3746806669484
91,0.1,0.814448324923065
91,0.807142857142857,5.27887657402118
91,1.51428571428571,8.04889743367258
91,2.22142857142857,10.0465838199185
91,2.92857142857143,12.5262250986604
91,3.63571428571429,13.3920052065377
91,4.34285714285714,13.6669869802109
91,5.05,16.3507383852527
91,5.75714285714286,16.233631639345
91,6.46428571428571,16.6289518339359
91,7.17142857142857,16.493972714649
91,7.87857142857143,17.736888086794
91,8.58571428571429,19.225793088835
91,9.29285714285714,18.2797326479608
91,10,17.0845773308457
92,0.1,1.81419644426693
92,0.807142857142857,3.47972285581729
92,1.51428571428571,10.4780914138512
92,2.22142857142857,15.0014539694292
92,2.92857142857143,20.8758762061823
92,3.63571428571429,21.0027327537503
92,4.34285714285714,23.3146016636514
92,5.05,23.1952974915022
92,5.75714285714286,24.3466310627837
92,6.46428571428571,23.2575203349232
92,7.17142857142857,25.2127070196537
92,7.87857142857143,24.5605433352336
92,8.58571428571429,25.4940034359369
92,9.29285714285714,25.3089015052094
92,10,24.4140367072447
93,0.1,-1.51465968278011
93,0.807142857142857,4.85924884961545
93,1.51428571428571,9.78328493963103
93,2.22142857142857,17.9074875978055
93,2.92857142857143,23.0259435688192
93,3.63571428571429,28.1051046512106
93,4.34285714285714,30.6179960712604
93,5.05,33.0372539509638
93,5.75714285714286,32.9955097207383
93,6.46428571428571,33.606626301115
93,7.17142857142857,34.9263240591742
93,7.87857142857143,33.5907488939443
93,8.58571428571429,31.9956760473276
93,9.29285714285714,35.0468073298391
93,10,34.1254556167487
94,0.1,1.33034614889422
94,0.807142857142857,4.0885060917691
94,1.51428571428571,8.78891755381715
94,2.22142857142857,16.7432777313839
94,2.92857142857143,22.5387867363707
94,3.63571428571429,26.5062425273755
94,4.34285714285714,28.2647396641388
94,5.05,28.6216414142169
94,5.75714285714286,29.962350416963
94,6.46428571428571,29.9428004816356
94,7.17142857142857,30.8202134661118
94,7.87857142857143,33.2511229051198
94,8.58571428571429,32.0256166708313
94,9.29285714285714,32.272307336824
94,10,31.471804913409
95,0.1,0.616310753559675
95,0.807142857142857,3.46128226923554
95,1.51428571428571,6.69869833550061
95,2.22142857142857,13.5661259437444
95,2.92857142857143,17.3784414619524
95,3.63571428571429,22.1520018338976
95,4.34285714285714,25.7311692822566
95,5.05,29.87297136415
95,5.75714285714286,33.8228468879737
95,6.46428571428571,31.7116376071634
95,7.17142857142857,35.8394641681137
95,7.87857142857143,35.2902815880193
95,8.58571428571429,36.712272253006
95,9.29285714285714,35.4337135098777
95,10,35.4884864346014
96,0.1,1.16012286974363
96,0.807142857142857,4.76925681244152
96,1.51428571428571,13.4299463002998
96,2.22142857142857,21.6154648095637
96,2.92857142857143,27.3580600528511
96,3.63571428571429,33.120799582477
96,4.34285714285714,34.7557999119084
96,5.05,37.3395267913247
96,5.75714285714286,37.0668992438355
96,6.46428571428571,37.8453698168831
96,7.17142857142857,37.4677964783412
96,7.87857142857143,36.9032247001433
96,8.58571428571429,37.2647209767517
96,9.29285714285714,38.1326915555104
96,10,39.6329452733181
97,0.1,0.984290758002233
97,0.807142857142857,6.28660289035158
97,1.51428571428571,16.8155374794635
97,2.22142857142857,25.569952560683
97,2.92857142857143,31.2907934752582
97,3.63571428571429,36.5151357133517
97,4.34285714285714,39.8279119906223
97,5.05,40.078293587363
97,5.75714285714286,39.6240538733996
97,6.46428571428571,38.8024413398647
97,7.17142857142857,40.4829982584943
97,7.87857142857143,39.59660984313
97,8.58571428571429,41.1697248113054
97,9.29285714285714,42.4949287952668
97,10,41.7600323535505
98,0.1,1.48414924879361
98,0.807142857142857,0.195530615555493
98,1.51428571428571,5.25020387236488
98,2.22142857142857,9.48675024420682
98,2.92857142857143,15.3653265077757
98,3.63571428571429,18.2918697316958
98,4.34285714285714,24.1165718039117
98,5.05,24.1758715868559
98,5.75714285714286,25.5066416678386
98,6.46428571428571,26.4949672358882
98,7.17142857142857,26.2812150052328
98,7.87857142857143,27.1095198050432
98,8.58571428571429,26.867934520056
98,9.29285714285714,26.7211251438809
98,10,27.0754307778526
99,0.1,2.91203606791231
99,0.807142857142857,5.60776471117962
99,1.51428571428571,12.6724790093189
99,2.22142857142857,17.5696263828916
99,2.92857142857143,26.146487841334
99,3.63571428571429,30.0146344887239
99,4.34285714285714,34.1769290362567
99,5.05,36.6471821001134
99,5.75714285714286,37.7999343256276
99,6.46428571428571,38.523129312441
99,7.17142857142857,42.1555114984177
99,7.87857142857143,40.7925400297074
99,8.58571428571429,40.8844490061808
99,9.29285714285714,41.8685021653047
99,10,43.5110999102782
100,0.1,0.805491470573272
100,0.807142857142857,4.92666236798267
100,1.51428571428571,11.5322752911586
100,2.22142857142857,19.5530683721352
100,2.92857142857143,25.4673747069249
100,3.63571428571429,29.6480423910391
100,4.34285714285714,31.8206966966783
100,5.05,34.2282936633762
100,5.75714285714286,35.3927607433683
100,6.46428571428571,37.1762776875218
100,7.17142857142857,38.0657063848849
100,7.87857142857143,38.0037667793057
100,8.58571428571429,38.8533386729155
100,9.29285714285714,37.985805709987
100,10,38.2474228647401
101,0.1,0.548158212897225
101,0.807142857142857,2.05745105960229
101,1.51428571428571,7.2378654544268
101,2.22142857142857,10.7131046942064
101,2.92857142857143,14.7108597318971
101,3.63571428571429,18.8404580008076
101,4.34285714285714,20.3048394925723
101,5.05,23.7335086596464
101,5.75714285714286,24.784140122649
101,6.46428571428571,26.8867608283836
101,7.17142857142857,27.3454941850631
101,7.87857142857143,25.8776633231987
101,8.58571428571429,26.5290074397167
101,9.29285714285714,27.4211958604274
101,10,26.6753129158087
102,0.1,1.80200179343326
102,0.807142857142857,7.96586100655194
102,1.51428571428571,18.9635913481272
102,2.22142857142857,28.2490291388297
102,2.92857142857143,36.2330510427923
102,3.63571428571429,41.2288290117517
102,4.34285714285714,43.7486548207545
102,5.05,45.2887401051268
102,5.75714285714286,44.4483802334614
102,6.46428571428571,45.929319391601
102,7.17142857142857,44.629824778987
102,7.87857142857143,46.6066342865314
102,8.58571428571429,44.3448344637253
102,9.29285714285714,45.2221709566671
102,10,47.7172365843887
103,0.1,0.384381089497966
103,0.807142857142857,0.0116548317868941
103,1.51428571428571,7.79683583631303
103,2.22142857142857,12.6180926820343
103,2.92857142857143,19.7450197771753
103,3.63571428571429,21.4798853119813
103,4.34285714285714,24.2632317569971
103,5.05,25.1972835821543
103,5.75714285714286,25.2383239189255
103,6.46428571428571,27.1490265573353
103,7.17142857142857,25.5977926902817
103,7.87857142857143,27.2919383368613
103,8.58571428571429,27.7477344353665
103,9.29285714285714,26.8366907874609
103,10,26.0197625413226
104,0.1,1.47412494637691
104,0.807142857142857,3.6263063111458
104,1.51428571428571,5.76449407433501
104,2.22142857142857,12.776275530706
104,2.92857142857143,18.2002585165585
104,3.63571428571429,22.5204827137587
104,4.34285714285714,25.6260847997606
104,5.05,30.0426767440469
104,5.75714285714286,30.0171935443567
104,6.46428571428571,30.8501726831553
104,7.17142857142857,30.2266729735862
104,7.87857142857143,32.3624962543815
104,8.58571428571429,32.96659238077
104,9.29285714285714,33.5974105671852
104,10,33.1777591177343
105,0.1,0.531259550402271
105,0.807142857142857,5.22757869151716
105,1.51428571428571,9.3406557477614
105,2.22142857142857,16.9192341595279
105,2.92857142857143,19.86306528232
105,3.63571428571429,24.3704723371252
105,4.34285714285714,23.7785005747073
105,5.05,24.2708221289111
105,5.75714285714286,27.2677608840876
105,6.46428571428571,25.6938200531523
105,7.17142857142857,25.7727396120676
105,7.87857142857143,26.3959169692492
105,8.58571428571429,27.2478912791307
105,9.29285714285714,26.6136366548657
105,10,25.2124624007092
106,0.1,2.06267249107996
106,0.807142857142857,5.15091892616719
106,1.51428571428571,10.6210143156159
106,2.22142857142857,19.0529590483038
106,2.92857142857143,27.246521008706
106,3.63571428571429,34.5568304684777
106,4.34285714285714,37.9029160561551
106,5.05,38.9518114959896
106,5.75714285714286,40.506862509166
106,6.46428571428571,43.1885808885451
106,7.17142857142857,42.0075884593917
106,7.87857142857143,43.6142303667918
106,8.58571428571429,44.0462945072917
106,9.29285714285714,43.4465331327556
106,10,43.7386537597156
107,0.1,1.41391858401448
107,0.807142857142857,3.77474171715779
107,1.51428571428571,9.49366457859826
107,2.22142857142857,17.0347927951844
107,2.92857142857143,21.121199630797
107,3.63571428571429,26.3335928532601
107,4.34285714285714,29.0917118494446
107,5.05,32.2427661875459
107,5.75714285714286,32.4325824273406
107,6.46428571428571,33.8633276977171
107,7.17142857142857,33.1535368130633
107,7.87857142857143,32.6352950630403
107,8.58571428571429,34.008848929154
107,9.29285714285714,35.1082879509174
107,10,34.4575550615066
108,0.1,0.803517991124865
108,0.807142857142857,3.44682711885239
108,1.51428571428571,11.2225465831688
108,2.22142857142857,17.8098464110728
108,2.92857142857143,23.0393870076176
108,3.63571428571429,30.4696281390154
108,4.34285714285714,32.6390223689218
108,5.05,34.0789333602416
108,5.75714285714286,35.3708814328249
108,6.46428571428571,37.7279635464675
108,7.17142857142857,37.5892313512363
108,7.87857142857143,40.1562098266714
108,8.58571428571429,37.9554460446324
108,9.29285714285714,39.031570997778
108,10,38.5437945600406
109,0.1,0.855129804388112
109,0.807142857142857,4.70801284284085
109,1.51428571428571,6.62129825735345
109,2.22142857142857,11.1233563256035
109,2.92857142857143,15.4965022180772
109,3.63571428571429,16.9283753512516
109,4.34285714285714,20.9049638987315
109,5.05,23.9210613323918
109,5.75714285714286,23.7235045903956
109,6.46428571428571,24.8577523667005
109,7.17142857142857,23.8760073970938
109,7.87857142857143,25.0341398475878
109,8.58571428571429,24.7945161653456
109,9.29285714285714,25.4641760229749
109,10,27.3024642335098
110,0.1,-0.678834889784045
110,0.807142857142857,0.897533007385877
110,1.51428571428571,3.57723693312088
110,2.22142857142857,7.13132120235107
110,2.92857142857143,8.22625462507593
110,3.63571428571429,10.4353557349854
110,4.34285714285714,9.80874894265024
110,5.05,10.1782071167402
110,5.75714285714286,11.4426343503
110,6.46428571428571,11.549932994853
110,7.17142857142857,11.6465846783012
110,7.87857142857143,13.1084967206085
110,8.58571428571429,13.6316837394947
110,9.29285714285714,11.6007765132713
110,10,11.6980291567667
111,0.1,2.67155158452363
111,0.807142857142857,6.21916403567214
111,1.51428571428571,13.5249888755323
111,2.22142857142857,19.716799315769
111,2.92857142857143,27.4839335935393
111,3.63571428571429,29.5141203579462
111,4.34285714285714,32.4598430700564
111,5.05,32.8316004041195
111,5.75714285714286,32.9203496499926
111,6.46428571428571,32.9568679443307
111,7.17142857142857,34.9603315596052
111,7.87857142857143,36.4793979132857
111,8.58571428571429,33.9613551262055
111,9.29285714285714,35.0466818123824
111,10,33.3278957870855
112,0.1,0.854694807010208
112,0.807142857142857,5.00979732876707
112,1.51428571428571,11.9224587310129
112,2.22142857142857,15.4903117676778
112,2.92857142857143,19.6532642138285
112,3.63571428571429,23.4901366937594
112,4.34285714285714,25.321227051453
112,5.05,26.1538457553251
112,5.75714285714286,27.2505707587486
112,6.46428571428571,28.4683342577122
112,7.17142857142857,27.6761908413443
112,7.87857142857143,27.9637918833061
112,8.58571428571429,27.2247594003905
112,9.29285714285714,27.0678201517014
112,10,26.8477919677542
113,0.1,1.95684769700125
113,0.807142857142857,4.22320120207986
113,1.51428571428571,5.61261412254639
113,2.22142857142857,13.9719413136622
113,2.92857142857143,18.3145509078179
113,3.63571428571429,22.7754034787
113,4.34285714285714,25.1503852295907
113,5.05,26.4766275113042
113,5.75714285714286,28.1339254811452
113,6.46428571428571,28.5868350808748
113,7.17142857142857,26.4969354748665
113,7.87857142857143,28.0633447164676
113,8.58571428571429,28.2087175967601
113,9.29285714285714,27.5560195444506
113,10,27.3570806824826
114,0.1,3.19640464589897
114,0.807142857142857,6.23150962068642
114,1.51428571428571,16.6280219905656
114,2.22142857142857,25.0042742987684
114,2.92857142857143,32.7812848509028
114,3.63571428571429,34.411654024279
114,4.34285714285714,36.9461431504568
114,5.05,38.4949703510652
114,5.75714285714286,39.7352096052346
114,6.46428571428571,40.7097000858107
114,7.17142857142857,41.8692370500425
114,7.87857142857143,41.1366925023081
114,8.58571428571429,39.9951676530074
114,9.29285714285714,40.9574312175867
114,10,41.3608399495545
115,0.1,-0.0616078257770643
115,0.807142857142857,5.27226878893615
115,1.51428571428571,12.41299724033
115,2.22142857142857,20.7870014028092
115,2.92857142857143,25.2594239158124
115,3.63571428571429,28.4913146541507
115,4.34285714285714,27.1030022904411
115,5.05,31.8064996941334
115,5.75714285714286,33.4525746990733
115,6.46428571428571,31.7697136718808
115,7.17142857142857,32.9241340858457
115,7.87857142857143,32.6361549048117
115,8.58571428571429,33.3999241701376
115,9.29285714285714,32.7108435157864
115,10,31.8797050586546
116,0.1,1.38589965997382
116,0.807142857142857,2.08374782888658
116,1.51428571428571,7.37682379526091
116,2.22142857142857,9.95756321351065
116,2.92857142857143,14.7549451274503
116,3.63571428571429,17.9068129078129
116,4.34285714285714,17.1615649128176
116,5.05,18.1466621432221
116,5.75714285714286,17.0021262096712
116,6.46428571428571,19.647879823332
116,7.17142857142857,18.101739170608
116,7.87857142857143,18.8448527523396
116,8.58571428571429,17.6863833802265
116,9.29285714285714,19.1769438601512
116,10,19.1060043819564
117,0.1,1.8850096416417
117,0.807142857142857,4.34283087996561
117,1.51428571428571,7.97044562201484
117,2.22142857142857,15.5087452857289
117,2.92857142857143,19.9921063503482
117,3.63571428571429,23.8051669567317
117,4.34285714285714,26.5123112657964
117,5.05,25.6448456121295
117,5.75714285714286,26.8395889081097
117,6.46428571428571,28.2439413965505
117,7.17142857142857,27.7689164378408
117,7.87857142857143,29.422137707035
117,8.58571428571429,31.3626685934471
117,9.29285714285714,30.7488966229494
117,10,30.412030143188
118,0.1,1.01136309910694
118,0.807142857142857,6.68257819769152
118,1.51428571428571,12.8482376249385
118,2.22142857142857,26.2302283795358
118,2.92857142857143,34.5883008183811
118,3.63571428571429,41.3634839880602
118,4.34285714285714,49.3941305348712
118,5.05,51.8497859873839
118,5.75714285714286,55.4990517415856
118,6.46428571428571,57.2495577886454
118,7.17142857142857,56.4085084419065
118,7.87857142857143,57.9407558374606
118,8.58571428571429,57.5578452009233
118,9.29285714285714,58.6253076621552
118,10,59.1926803884119
119,0.1,1.46800293709782
119,0.807142857142857,4.08825796755295
119,1.51428571428571,8.02355004259685
119,2.22142857142857,15.365396007565
119,2.92857142857143,19.5035386322898
119,3.63571428571429,24.5208842940212
119,4.34285714285714,26.6598952768281
119,5.05,29.1138481973873
119,5.75714285714286,28.3701275343739
119,6.46428571428571,31.1316415750978
119,7.17142857142857,30.3462666767638
119,7.87857142857143,31.2324046533683
119,8.58571428571429,30.691777898391
119,9.29285714285714,31.0984761083052
119,10,32.4179587906572
120,0.1,0.775299541211735
120,0.807142857142857,3.12861889284079
120,1.51428571428571,11.1401183645528
120,2.22142857142857,21.0533158462445
120,2.92857142857143,27.551849904
120,3.63571428571429,31.1045081145458
120,4.34285714285714,32.4983195147156
120,5.05,36.3985210741974
120,5.75714285714286,35.6377435546517
120,6.46428571428571,37.1080610742435
120,7.17142857142857,35.4644563931977
120,7.87857142857143,35.9063297828173
120,8.58571428571429,36.8660352186814
120,9.29285714285714,34.5603538743802
120,10,36.523429483407
121,0.1,1.63760495463508
121,0.807142857142857,5.04573493829323
121,1.51428571428571,12.9547824033135
121,2.22142857142857,19.0020418608474
121,2.92857142857143,23.7390272500445
121,3.63571428571429,31.1554187848342
121,4.34285714285714,34.0190987658555
121,5.05,34.5805472712571
121,5.75714285714286,36.0740982678398
121,6.46428571428571,35.4262149915668
121,7.17142857142857,40.0797014459599
121,7.87857142857143,42.1370817442182
121,8.58571428571429,41.3717317997839
121,9.29285714285714,39.6432578455009
121,10,38.4584122880461
122,0.1,1.15265021678152
122,0.807142857142857,5.26587030197303
122,1.51428571428571,9.89163107194911
122,2.22142857142857,17.4070026648212
122,2.92857142857143,21.6478090343923
122,3.63571428571429,26.7621015118547
122,4.34285714285714,29.523330107052
122,5.05,30.4760726745135
122,5.75714285714286,31.6586130301772
122,6.46428571428571,34.7591653102909
122,7.17142857142857,34.3570773170535
122,7.87857142857143,35.7179918557505
122,8.58571428571429,34.9253550236938
122,9.29285714285714,34.7927941499971
122,10,32.5139633412457
123,0.1,2.47654496258294
123,0.807142857142857,3.97436999217348
123,1.51428571428571,7.07886221955374
123,2.22142857142857,10.8199109198785
123,2.92857142857143,18.5669680441538
123,3.63571428571429,20.8559028656049
123,4.34285714285714,25.378380390089
123,5.05,25.207267240046
123,5.75714285714286,28.3481012751001
123,6.46428571428571,30.5227693238324
123,7.17142857142857,28.6860118479095
123,7.87857142857143,30.8724132115387
123,8.58571428571429,28.8082516574818
123,9.29285714285714,30.8660785183746
123,10,32.0472641369251
124,0.1,-0.499195798370268
124,0.807142857142857,1.28132425007365
124,1.51428571428571,7.75872815518751
124,2.22142857142857,11.5347456345694
124,2.92857142857143,16.8033337566305
124,3.63571428571429,22.0824199923819
124,4.34285714285714,25.0123012472734
124,5.05,24.4204933022719
124,5.75714285714286,26.5900689842499
124,6.46428571428571,28.136947647446
124,7.17142857142857,26.8461705865239
124,7.87857142857143,26.4274493905069
124,8.58571428571429,26.1336414855339
124,9.29285714285714,27.5365567541514
124,10,27.4865241699906
125,0.1,2.22320870105382
125,0.807142857142857,4.16414069231304
125,1.51428571428571,8.8363306604932
125,2.22142857142857,16.5600975862333
125,2.92857142857143,24.5431329491895
125,3.63571428571429,29.3612077287555
125,4.34285714285714,35.1816840916976
125,5.05,38.0162735242909
125,5.75714285714286,40.264440792492
125,6.46428571428571,42.1524144569023
125,7.17142857142857,42.6849445302434
125,7.87857142857143,44.7414679096176
125,8.58571428571429,44.8513688497419
125,9.29285714285714,44.3753471496738
125,10,42.9398093250888
126,0.1,1.52829648836695
126,0.807142857142857,4.3198904652151
126,1.51428571428571,11.4303227160501
126,2.22142857142857,19.6333909075757
126,2.92857142857143,26.3010913748038
126,3.63571428571429,32.8936127980415
126,4.34285714285714,35.8419362218429
126,5.05,38.8882568321983
126,5.75714285714286,40.6015851057707
126,6.46428571428571,40.0592297112387
126,7.17142857142857,40.2634594370039
126,7.87857142857143,41.0992581351948
126,8.58571428571429,41.093474570637
126,9.29285714285714,42.0724183696181
126,10,41.088247398475
127,0.1,1.4725210710061
127,0.807142857142857,3.24748167025757
127,1.51428571428571,10.3746460207508
127,2.22142857142857,18.9632512101486
127,2.92857142857143,28.3223290702338
127,3.63571428571429,31.4145425413179
127,4.34285714285714,33.7161071820361
127,5.05,35.6834524059587
127,5.75714285714286,38.0786961973449
127,6.46428571428571,40.0590661733025
127,7.17142857142857,40.0299256185835
127,7.87857142857143,39.6584652925944
127,8.58571428571429,38.3245849892118
127,9.29285714285714,39.596304098277
127,10,37.6867012848565
128,0.1,1.09843455199078
128,0.807142857142857,5.16287254845586
128,1.51428571428571,11.2349822795753
128,2.22142857142857,18.6364839037804
128,2.92857142857143,23.9149517330312
128,3.63571428571429,28.2611113531534
128,4.34285714285714,30.9574312808721
128,5.05,33.2722135148088
128,5.75714285714286,34.4615686604186
128,6.46428571428571,31.3076987755211
128,7.17142857142857,34.3743911573159
128,7.87857142857143,34.8338969600207
128,8.58571428571429,36.4302598260811
128,9.29285714285714,34.3232662944626
128,10,32.5207842235219
129,0.1,2.04643996936894
129,0.807142857142857,6.77221132603521
129,1.51428571428571,14.9303099001617
129,2.22142857142857,23.6877719442884
129,2.92857142857143,30.747881477208
129,3.63571428571429,36.6742530867535
129,4.34285714285714,40.4846520813709
129,5.05,42.3925577862329
129,5.75714285714286,45.3943334992545
129,6.46428571428571,46.1107601756105
129,7.17142857142857,44.9096670630043
129,7.87857142857143,43.6907773354785
129,8.58571428571429,42.9765037743039
129,9.29285714285714,45.2278484800161
129,10,45.6665801527117
130,0.1,-0.0911029722526748
130,0.807142857142857,7.53517705443072
130,1.51428571428571,16.9816175852984
130,2.22142857142857,24.5598087600317
130,2.92857142857143,32.5719016957882
130,3.63571428571429,35.0636995035895
130,4.34285714285714,35.9570967529463
130,5.05,38.9568871859338
130,5.75714285714286,37.3007196739465
130,6.46428571428571,37.7257647033648
130,7.17142857142857,39.9273999769964
130,7.87857142857143,39.3494599945701
130,8.58571428571429,39.2054995068014
130,9.29285714285714,39.4852857027255
130,10,39.1388658935267
131,0.1,2.67255055910152
131,0.807142857142857,8.25366252225138
131,1.51428571428571,17.0924477193365
131,2.22142857142857,27.3844289262137
131,2.92857142857143,36.0382387068611
131,3.63571428571429,40.3288836894652
131,4.34285714285714,43.5610699374459
131,5.05,46.8557090519245
131,5.75714285714286,48.8654518232258
131,6.46428571428571,50.1952091036807
131,7.17142857142857,48.4325796304387
131,7.87857142857143,48.9758420344957
131,8.58571428571429,49.0734767038833
131,9.29285714285714,49.6560657417052
131,10,47.8480733076612
132,0.1,0.166336320464717
132,0.807142857142857,3.3819224244805
132,1.51428571428571,7.27826265949449
132,2.22142857142857,12.975793076155
132,2.92857142857143,19.7682026405362
132,3.63571428571429,23.3731640338019
132,4.34285714285714,25.8853659158009
132,5.05,27.1969383744023
132,5.75714285714286,28.2975240314408
132,6.46428571428571,30.3296443840538
132,7.17142857142857,29.3802802454875
132,7.87857142857143,30.7979688604898
132,8.58571428571429,32.5907984170287
132,9.29285714285714,29.6635185341638
132,10,29.9715303223529
133,0.1,1.45997004684134
133,0.807142857142857,3.44525794918147
133,1.51428571428571,9.20057509706825
133,2.22142857142857,17.0002014493255
133,2.92857142857143,20.9825019531536
133,3.63571428571429,25.2179012693915
133,4.34285714285714,26.6767642696904
133,5.05,29.5374924015503
133,5.75714285714286,31.003084491291
133,6.46428571428571,31.5252055237812
133,7.17142857142857,31.1315753461985
133,7.87857142857143,31.3576532006479
133,8.58571428571429,30.2837280852831
133,9.29285714285714,29.860022197349
133,10,31.4455385063979
134,0.1,0.0982015845033362
134,0.807142857142857,2.73280741684479
134,1.51428571428571,5.17067464019659
134,2.22142857142857,10.8660680821442
134,2.92857142857143,13.8549890079476
134,3.63571428571429,15.8489716628569
134,4.34285714285714,19.5175026739484
134,5.05,21.6240646383279
134,5.75714285714286,22.3443048174725
134,6.46428571428571,22.7628598323478
134,7.17142857142857,21.6664494453487
134,7.87857142857143,21.9361509955831
134,8.58571428571429,22.5429089290782
134,9.29285714285714,23.0144679984293
134,10,23.101628289018
135,0.1,0.872038509334722
135,0.807142857142857,6.75587292301412
135,1.51428571428571,15.149525516968
135,2.22142857142857,25.6006067365482
135,2.92857142857143,34.4885148133993
135,3.63571428571429,43.212461557198
135,4.34285714285714,46.8041036416325
135,5.05,51.9083364019192
135,5.75714285714286,53.013480162116
135,6.46428571428571,55.4806683315191
135,7.17142857142857,55.8187050336072
135,7.87857142857143,56.6136600024864
135,8.58571428571429,57.8937793912388
135,9.29285714285714,56.6855758035169
135,10,58.6529795239409
136,0.1,2.60831843439402
136,0.807142857142857,4.2072026892008
136,1.51428571428571,14.9492352567534
136,2.22142857142857,21.0693839162083
136,2.92857142857143,28.2868857777836
136,3.63571428571429,30.5888622781246
136,4.34285714285714,31.5155452114484
136,5.05,31.63579028272
136,5.75714285714286,33.3159824960337
136,6.46428571428571,34.9033788089082
136,7.17142857142857,32.4599992631035
136,7.87857142857143,33.5408874707944
136,8.58571428571429,35.3256991382853
136,9.29285714285714,33.7409215930047
136,10,33.5661381750577
137,0.1,1.26620662364856
137,0.807142857142857,6.95351632124412
137,1.51428571428571,17.0223556936843
137,2.22142857142857,23.1466263068917
137,2.92857142857143,28.7813954711264
137,3.63571428571429,31.931881126533
137,4.34285714285714,34.4783102391779
137,5.05,37.2564974203232
137,5.75714285714286,36.6865989362219
137,6.46428571428571,36.3908354904889
137,7.17142857142857,37.3389209147508
137,7.87857142857143,37.5155082501732
137,8.58571428571429,35.7306266654684
137,9.29285714285714,36.408297557653
137,10,37.1547912763056
138,0.1,1.73369242754501
138,0.807142857142857,8.38523244328
138,1.51428571428571,14.2530997700532
138,2.22142857142857,23.4185162102396
138,2.92857142857143,30.2519609413305
138,3.63571428571429,35.6337679468477
138,4.34285714285714,39.0077594285625
138,5.05,40.6162214377501
138,5.75714285714286,43.9746114698294
138,6.46428571428571,42.9205799870914
138,7.17142857142857,42.5274941690294
138,7.87857142857143,43.4438752493067
138,8.58571428571429,44.7656733682874
138,9.29285714285714,45.1400509099419
138,10,43.8136212194969
139,0.1,2.85101178273616
139,0.807142857142857,5.51608706072144
139,1.51428571428571,12.943255822028
139,2.22142857142857,19.8746441564801
139,2.92857142857143,24.6915570938163
139,3.63571428571429,29.9587418102851
139,4.34285714285714,31.7929043126975
139,5.05,31.2974790758064
139,5.75714285714286,33.8943471545554
139,6.46428571428571,34.6675049134182
139,7.17142857142857,34.5270193393566
139,7.87857142857143,34.9952033892669
139,8.58571428571429,33.8898520029985
139,9.29285714285714,33.771515256694
139,10,36.5634740220009
140,0.1,2.64954364943872
140,0.807142857142857,8.42582573505174
140,1.51428571428571,23.1001279057589
140,2.22142857142857,36.8842707666104
140,2.92857142857143,46.1905613698468
140,3.63571428571429,53.9888673865908
140,4.34285714285714,59.485936254479
140,5.05,61.5243545277978
140,5.75714285714286,61.1703869608713
140,6.46428571428571,61.8470357957752
140,7.17142857142857,63.6956886121471
140,7.87857142857143,61.6559201090044
140,8.58571428571429,62.0064500636006
140,9.29285714285714,60.420175100794
140,10,62.8248836776879
141,0.1,0.540321923511014
141,0.807142857142857,4.54213906855601
141,1.51428571428571,6.59086533220012
141,2.22142857142857,12.8247158588032
141,2.92857142857143,18.1527119242624
141,3.63571428571429,18.5461436577701
141,4.34285714285714,22.7809579702899
141,5.05,21.9930757512025
141,5.75714285714286,20.9484090437254
141,6.46428571428571,22.263914243946
141,7.17142857142857,22.5122550950517
141,7.87857142857143,21.7034243666324
141,8.58571428571429,22.4807904443014
141,9.29285714285714,24.0307840482755
141,10,23.505174037497
142,0.1,1.22649510007911
142,0.807142857142857,2.14187837184436
142,1.51428571428571,10.6986477404668
142,2.22142857142857,17.1767354468878
142,2.92857142857143,23.3936876113766
142,3.63571428571429,28.9666023870737
142,4.34285714285714,31.7775810835505
142,5.05,35.2640970264145
142,5.75714285714286,34.533265391966
142,6.46428571428571,36.3484134143608
142,7.17142857142857,34.8381819692873
142,7.87857142857143,36.5251113958604
142,8.58571428571429,37.9958860918227
142,9.29285714285714,36.8195809765008
142,10,36.7884404244815
143,0.1,2.10477648176021
143,0.807142857142857,4.91403751659566
143,1.51428571428571,9.39224447142076
143,2.22142857142857,16.5593354936525
143,2.92857142857143,21.0744323578728
143,3.63571428571429,25.194317684599
143,4.34285714285714,28.2656107671881
143,5.05,30.5246521107646
143,5.75714285714286,31.8408714333901
143,6.46428571428571,30.4347491278548
143,7.17142857142857,34.2553090067862
143,7.87857142857143,30.2769455132635
143,8.58571428571429,32.2876868019372
143,9.29285714285714,33.1002460118283
143,10,32.0127798584825
144,0.1,0.740821117786495
144,0.807142857142857,4.50259219183305
144,1.51428571428571,13.5109430277835
144,2.22142857142857,21.0389775405238
144,2.92857142857143,29.0559127895601
144,3.63571428571429,31.4200506103956
144,4.34285714285714,33.489123842829
144,5.05,35.0815177128063
144,5.75714285714286,36.1919809832004
144,6.46428571428571,37.9122316996129
144,7.17142857142857,36.2867060243139
144,7.87857142857143,37.4944486150981
144,8.58571428571429,36.3641313038757
144,9.29285714285714,36.0409083761382
144,10,37.7763623433071
145,0.1,0.135250620646828
145,0.807142857142857,5.29092334915894
145,1.51428571428571,13.6454535376178
145,2.22142857142857,24.0102439297676
145,2.92857142857143,32.1148477019089
145,3.63571428571429,39.0086149711398
145,4.34285714285714,42.3022306841163
145,5.05,44.2833165010993
145,5.75714285714286,46.2360885298271
145,6.46428571428571,45.9503671679969
145,7.17142857142857,43.1663865437922
145,7.87857142857143,45.5588427287616
145,8.58571428571429,46.147589715196
145,9.29285714285714,45.4882239156345
145,10,46.9580752122206
146,0.1,1.09458672127605
146,0.807142857142857,2.78637492619459
146,1.51428571428571,10.8902855042467
146,2.22142857142857,14.4374276885151
146,2.92857142857143,21.2258958886881
146,3.63571428571429,27.2860067926584
146,4.34285714285714,30.5910405036259
146,5.05,32.2027166847732
146,5.75714285714286,33.5138858710395
146,6.46428571428571,35.0677085754618
146,7.17142857142857,35.0472889389586
146,7.87857142857143,35.5577422773738
146,8.58571428571429,34.91490217059
146,9.29285714285714,34.9004092810165
146,10,34.6259426970366
147,0.1,-0.786492762880731
147,0.807142857142857,4.66774319596117
147,1.51428571428571,12.0576510722149
147,2.22142857142857,16.6182742109724
147,2.92857142857143,24.1860065881049
147,3.63571428571429,29.8591494931208
147,4.34285714285714,31.7126274905162
147,5.05,33.2168563193068
147,5.75714285714286,33.9250736518144
147,6.46428571428571,35.1599190248578
147,7.17142857142857,35.8774862881957
147,7.87857142857143,32.3072980862772
147,8.58571428571429,33.3058350852749
147,9.29285714285714,34.049284524628
147,10,35.7202468286459
148,0.1,0.688743805979139
148,0.807142857142857,5.59523816182697
148,1.51428571428571,13.3190188866025
148,2.22142857142857,24.1130739828656
148,2.92857142857143,30.4425743128706
148,3.63571428571429,35.2496168606661
148,4.34285714285714,37.3053716192026
148,5.05,38.804690234535
148,5.75714285714286,40.6178427718294
148,6.46428571428571,40.9299465687902
148,7.17142857142857,42.1169174526345
148,7.87857142857143,42.529320010877
148,8.58571428571429,40.494316592757
148,9.29285714285714,39.8686273932015
148,10,40.3032007797271
149,0.1,-0.278328544369652
149,0.807142857142857,2.65638879136214
149,1.51428571428571,9.4138336911035
149,2.22142857142857,19.0325893844574
149,2.92857142857143,25.5138959088972
149,3.63571428571429,30.9831018190497
149,4.34285714285714,35.853210421271
149,5.05,38.6517021383718
149,5.75714285714286,39.7978535432375
149,6.46428571428571,39.9335660619638
149,7.17142857142857,36.1696684780193
149,7.87857142857143,38.3375898586757
149,8.58571428571429,37.6306364554192
149,9.29285714285714,37.3175329138784
149,10,38.8015817512913
150,0.1,1.48838155735876
150,0.807142857142857,4.3174296333976
150,1.51428571428571,11.7616285360671
150,2.22142857142857,18.5892703181241
150,2.92857142857143,27.8662704803746
150,3.63571428571429,35.1456709941034
150,4.34285714285714,36.8569076697893
150,5.05,40.166171625863
150,5.75714285714286,41.2828251562274
150,6.46428571428571,43.1055236417002
150,7.17142857142857,43.8773837304858
150,7.87857142857143,43.932676844024
150,8.58571428571429,44.8907104355691
150,9.29285714285714,44.8503809478223
150,10,45.0938769310125
