id,time,y1
1,0.1,-0.138889971170897
1,2.575,1.15892255041339
1,5.05,-0.406526101703628
1,7.525,-0.69493279418341
1,10,-0.468175425399352
2,0.1,-0.455492149406673
2,2.575,0.55091877740467
2,5.05,-0.704235670120371
2,7.525,0.881734569790953
2,10,0.224255304711434
3,0.1,-0.402880091064266
3,2.575,0.579135310479244
3,5.05,0.0211503249123102
3,7.525,1.0535390159665
3,10,0.767285985524127
4,0.1,1.35639004389724
4,2.575,0.417774097702232
4,5.05,-0.346663471466451
4,7.525,-1.94452186164548
4,10,-0.851098896119736
5,0.1,-1.530769602885
5,2.575,2.41262335479009
5,5.05,-0.871474987944058
5,7.525,-1.50061752178003
5,10,0.290742874333425
6,0.1,0.781368098263697
6,2.575,-0.743348952049924
6,5.05,-0.652372727906433
6,7.525,-0.369702544440439
6,10,1.09414213284158
7,0.1,-0.798138649749705
7,2.575,1.01284559870844
7,5.05,-0.970048102395463
7,7.525,-0.244205988042892
7,10,0.667601614595679
8,0.1,-0.501334002547133
8,2.575,-0.0817681320019708
8,5.05,0.0175631398447755
8,7.525,0.128705303529212
8,10,0.0432069789388166
9,0.1,-0.690309733663008
9,2.575,-0.82404239666632
9,5.05,-2.61321052288051
9,7.525,-2.66305111269333
9,10,-1.00889706453971
10,0.1,0.875691828024512
10,2.575,0.305386409424024
10,5.05,1.9365185732274
10,7.525,-0.459426059770463
10,10,0.681149740063723
11,0.1,1.05557843526951
11,2.575,-0.573102822702533
11,5.05,-1.04710084895303
11,7.525,-0.615907623161207
11,10,-1.34173136571996
12,0.1,0.962685522207751
12,2.575,-0.683903064927058
12,5.05,1.02159521288337
12,7.525,0.356101913736859
12,10,1.3605636365226
13,0.1,-1.02725102666196
13,2.575,0.888343239368474
13,5.05,-0.864041289102472
13,7.525,-2.2217251849906
13,10,-1.83764736974759
14,0.1,0.304836626802421
14,2.575,0.924895009489054
14,5.05,0.931763681323459
14,7.525,0.923201661426819
14,10,-0.229163776192488
15,0.1,0.500872217317073
15,2.575,-0.625762007195882
15,5.05,-0.745096960957046
15,7.525,2.11340948992706
15,10,0.312485853537099
16,0.1,-1.0945963133542
16,2.575,-0.238456071014165
16,5.05,-1.56647446817611
16,7.525,-1.66919238018723
16,10,0.464148629351065
17,0.1,0.383607460295346
17,2.575,1.42809520701263
17,5.05,2.22457610855685
17,7.525,1.20075148441114
17,10,0.819963780286021
18,0.1,0.962673096955638
18,2.575,-0.246184551034402
18,5.05,0.0279300007205361
18,7.525,-0.452875214062357
18,10,0.363634606357129
19,0.1,0.0757086112340399
19,2.575,-1.14267791151385
19,5.05,0.377411793381737
19,7.525,1.78846841660392
19,10,-1.6072169950003
20,0.1,0.650905137610703
20,2.575,1.01993204497138
20,5.05,0.300493558955478
20,7.525,0.201702968487906
20,10,0.80308862601328
21,0.1,-1.65295129856503
21,2.575,-0.69292756064826
21,5.05,0.184059837915996
21,7.525,1.01293339998185
21,10,-0.56509010301985
22,0.1,1.56995312287455
22,2.575,-1.23206730721284
22,5.05,-0.320626034486008
22,7.525,2.06621752708851
22,10,2.02109829776431
23,0.1,0.349339676393691
23,2.575,0.506759061641463
23,5.05,-2.04428855629434
23,7.525,-0.442043815554512
23,10,-0.288320958695178
24,0.1,0.673822440296099
24,2.575,1.16381956067274
24,5.05,0.302509034085033
24,7.525,-0.295392266444597
24,10,-0.375705838413966
25,0.1,-0.226498889929883
25,2.575,0.690199227397533
25,5.05,1.993056624106
25,7.525,1.93168413755203
25,10,-0.438425411361675
26,0.1,-0.511150739197296
26,2.575,-0.422621201552991
26,5.05,-0.069411656686784
26,7.525,-2.41762757915566
26,10,-1.64940120317643
27,0.1,-1.11865049881333
27,2.575,2.52479177266458
27,5.05,0.803684162522106
27,7.525,0.365676868309876
27,10,0.828026496915489
28,0.1,0.827791652353187
28,2.575,1.77274587621564
28,5.05,0.150452181255584
28,7.525,-0.428262282453834
28,10,1.11370279711539
29,0.1,-0.88789363109357
29,2.575,-0.339244765097146
29,5.05,0.201781582129419
29,7.525,0.682229970945232
29,10,0.414108952366614
30,0.1,-1.37669612749344
30,2.575,-0.228842672609184
30,5.05,-1.30619508954137
30,7.525,0.66998800983783
30,10,1.77662677299847
31,0.1,-0.0762472149428828
31,2.575,-1.20529226962613
31,5.05,-0.350144520996843
31,7.525,1.33581550279433
31,10,0.00977147215999719
32,0.1,0.475429484317724
32,2.575,-0.439815444903826
32,5.05,0.831865927057644
32,7.525,-0.211515145776738
32,10,-1.5182852515022
33,0.1,-1.51029370422715
33,2.575,-2.53701985459902
33,5.05,-0.596583054441326
33,7.525,0.869884654198112
33,10,-0.0409147998114995
34,0.1,0.591350370796261
34,2.575,-1.54582812299872
34,5.05,0.657233092303085
34,7.525,0.772553965355778
34,10,0.617962147575548
35,0.1,-0.0840391931935706
35,2.575,-0.812498477896189
35,5.05,-0.772593034277713
35,7.525,1.5277180213231
35,10,1.46771137396314
36,0.1,-0.0277406183591979
36,2.575,1.49620387826583
36,5.05,0.268591969428971
36,7.525,0.892699718018892
36,10,1.64361811800407
37,0.1,2.73639339977461
37,2.575,1.07145263330229
37,5.05,0.122685490207157
37,7.525,-0.423477110881099
37,10,-0.0907136637506318
38,0.1,-0.497361847088655
38,2.575,-0.265888658794772
38,5.05,1.00455747405777
38,7.525,0.550527038283897
38,10,-0.815186567028191
39,0.1,0.581032686176703
39,2.575,-0.61997599626453
39,5.05,1.20546890471099
39,7.525,-0.525643928756925
39,10,-0.316472233386726
40,0.1,1.60074536139383
40,2.575,0.71850493699139
40,5.05,-0.653654381755041
40,7.525,-0.356447123404253
40,10,1.53993187501672
41,0.1,-0.334723149344584
41,2.575,-0.948810850469813
41,5.05,0.832835377743523
41,7.525,-1.57242000765265
41,10,0.321365883635773
42,0.1,-0.265609283036324
42,2.575,0.481475569856193
42,5.05,-0.0513843244885878
42,7.525,1.34298823044922
42,10,0.250965917169801
43,0.1,0.26951089014363
43,2.575,0.356909816946965
43,5.05,-0.609906906400063
43,7.525,-0.838378659546205
43,10,-1.04979162179391
44,0.1,1.19651776391627
44,2.575,-1.79213910197909
44,5.05,-1.47431615280031
44,7.525,-1.59916226167466
44,10,-1.87670948770948
45,0.1,0.653316876155229
45,2.575,2.10855457492461
45,5.05,1.92916207344845
45,7.525,-1.00440371752772
45,10,-0.783562816360285
46,0.1,0.964426648565147
46,2.575,1.12980032880781
46,5.05,-0.151297343079295
46,7.525,-1.40945718306234
46,10,-2.87741317210929
47,0.1,0.235889670920001
47,2.575,0.743720169433803
47,5.05,1.52770298583055
47,7.525,0.214903041229089
47,10,1.05855705591669
48,0.1,0.28578795152144
48,2.575,-1.34789192106909
48,5.05,0.780528086896275
48,7.525,-0.56813039165947
48,10,1.26673883085804
49,0.1,-0.439368661128776
49,2.575,-0.830271025704312
49,5.05,-0.754717896474963
49,7.525,0.231809821907279
49,10,-0.902765973238747
50,0.1,1.2120895281646
50,2.575,-0.154285196971185
50,5.05,0.102779789522828
50,7.525,-1.97873168625397
50,10,-0.475530973020057
51,0.1,-0.481983646538024
51,2.575,0.428910838868426
51,5.05,0.103061305862386
51,7.525,0.563245804141276
51,10,0.459984007221418
52,0.1,0.0970205045572118
52,2.575,0.784976707225958
52,5.05,0.848360600967146
52,7.525,0.125128821381671
52,10,-0.0967816962369991
53,0.1,1.37032072921986
53,2.575,1.45540088986112
53,5.05,-0.46309442879054
53,7.525,1.74992422309041
53,10,0.365123610960106
54,0.1,0.422197162126239
54,2.575,-0.0907821467840297
54,5.05,-0.776848831419298
54,7.525,-0.340333546000095
54,10,1.27342830661903
55,0.1,-0.406627863669024
55,2.575,-0.582995612009714
55,5.05,0.693654017369881
55,7.525,1.44933513720655
55,10,-1.06959467118152
56,0.1,0.230398338782261
56,2.575,-0.673644275668479
56,5.05,-2.06265858234326
56,7.525,-1.39658649828434
56,10,-0.561429430026621
57,0.1,-0.462623621460862
57,2.575,0.828783191218451
57,5.05,-0.185311339789442
57,7.525,-1.4191099695773
57,10,0.790628400945488
58,0.1,-0.139299654359534
58,2.575,-0.590979131544511
58,5.05,-1.10457529913686
58,7.525,1.83480544848475
58,10,0.0867449553825213
59,0.1,-1.08553446710757
59,2.575,-1.45094864416356
59,5.05,-2.20251992670446
59,7.525,-0.492857619527123
59,10,1.11747467644702
60,0.1,-0.0596404031747465
60,2.575,-0.339928177684175
60,5.05,0.10489056468563
60,7.525,-2.04986448320944
60,10,-0.853064497114438
61,0.1,-1.31531227056153
61,2.575,-1.35872068468471
61,5.05,-0.297385189688738
61,7.525,0.222121240527136
61,10,-0.18287940185475
62,0.1,1.12825713355458
62,2.575,3.06798019495591
62,5.05,1.35746177352913
62,7.525,1.30983517956564
62,10,0.851723563877344
63,0.1,-1.67356421105397
63,2.575,-1.49438499173018
63,5.05,1.87518369266747
63,7.525,-0.00765223898472406
63,10,0.529019709209601
64,0.1,-0.745865817140908
64,2.575,0.308511483845404
64,5.05,-0.768184673746162
64,7.525,0.375729247902823
64,10,0.0779458092332401
65,0.1,-0.0431466472516455
65,2.575,-1.24387839818936
65,5.05,-1.17365216245635
65,7.525,0.710629712606365
65,10,0.126712390051838
66,0.1,-0.0220924333493707
66,2.575,-0.223670876335063
66,5.05,-0.159721708425069
66,7.525,-0.799731541433364
66,10,-0.802779815792832
67,0.1,0.94447860245111
67,2.575,1.02180444165664
67,5.05,-0.210918366067577
67,7.525,-1.48074360585138
67,10,-0.433519670497703
68,0.1,-0.587610370046574
68,2.575,1.54517122331032
68,5.05,-0.0911046088376654
68,7.525,-0.359482266067396
68,10,-1.8650629136673
69,0.1,1.62807812135319
69,2.575,1.90231068759889
69,5.05,-0.452467456018376
69,7.525,-0.0344929600667015
69,10,-0.0138640859571101
70,0.1,-1.26325384388631
70,2.575,-0.187005884729258
70,5.05,0.295532296007634
70,7.525,0.907929168426421
70,10,-0.0783702958489938
71,0.1,-0.187319092230666
71,2.575,0.902337029802484
71,5.05,-0.101887007864138
71,7.525,-1.80213756606199
71,10,-1.66038470425599
72,0.1,1.16138650311369
72,2.575,0.782981344587815
72,5.05,0.986113578896508
72,7.525,-0.875547205464096
72,10,-0.132716072764499
73,0.1,0.942053169738203
73,2.575,-0.425290293683999
73,5.05,-0.632340237936314
73,7.525,0.350359130389289
73,10,0.623523816678691
74,0.1,1.08966729317922
74,2.575,-0.902939148639338
74,5.05,-1.03351027601773
74,7.525,1.68913198479158
74,10,-0.837916652629334
75,0.1,-1.26404493989641
75,2.575,0.89725593257912
75,5.05,-0.303461162957615
75,7.525,0.403668776844968
75,10,0.75252449302116
76,0.1,-1.02027773877819
76,2.575,-0.441433775117409
76,5.05,-1.50591750943018
76,7.525,0.340466630060339
76,10,-1.40027564546013
77,0.1,-1.05484636690095
77,2.575,-0.576525252285156
77,5.05,-0.744490928560541
77,7.525,-0.139223528291953
77,10,1.56302437630823
78,0.1,-0.698326480107238
78,2.575,1.98812487799413
78,5.05,0.877841000124491
78,7.525,-0.653288530640451
78,10,-0.695551687206744
79,0.1,-0.0540495613009677
79,2.575,0.528800371642262
79,5.05,-0.266429647383117
79,7.525,0.695611121795541
79,10,-0.515859398010893
80,0.1,0.420383465557532
80,2.575,0.945995246206047
80,5.05,1.56929529005404
80,7.525,0.032048299243577
80,10,-0.479785180205106
81,0.1,1.72176551363576
81,2.575,0.973118854636288
81,5.05,0.289603818281248
81,7.525,0.328440844222387
81,10,0.365086669836226
82,0.1,-0.136107844928945
82,2.575,0.0023166811321691
82,5.05,-0.733442254764998
82,7.525,-0.500774022639467
82,10,1.44588741273839
83,0.1,-0.510294055925634
83,2.575,-0.994705408027496
83,5.05,0.198770448661167
83,7.525,0.489337795054026
83,10,-0.931028172156072
84,0.1,-0.237087102922992
84,2.575,-0.219654699974146
84,5.05,1.9906633497691
84,7.525,1.08111328307056
84,10,-0.382638262254847
85,0.1,-0.662875057843653
85,2.575,-0.50879598088886
85,5.05,0.857611120918509
85,7.525,0.324090819507366
85,10,-0.800645737694541
86,0.1,0.144896437906102
86,2.575,1.06819138188083
86,5.05,0.838055906970113
86,7.525,0.858522916743778
86,10,1.25888873266281
87,0.1,0.874080808513651
87,2.575,1.12231891780537
87,5.05,-0.264483578416656
87,7.525,-0.525923297012986
87,10,1.56045710346504
88,0.1,0.922666002471608
88,2.575,0.511169133081846
88,5.05,0.172316469274941
88,7.525,-0.846303000220714
88,10,-3.76662262570909
89,0.1,-0.553782795675018
89,2.575,0.239472034406005
89,5.05,1.60224863160415
89,7.525,0.0833935789655976
89,10,-0.982796964303793
90,0.1,-2.21566525009699
90,2.575,-0.173645841365449
90,5.05,0.0142647921633631
90,7.525,-0.202120983159264
90,10,-0.853430861586847
91,0.1,-0.241467817671855
91,2.575,-0.64300121694843
91,5.05,0.782826279906408
91,7.525,1.09682675219364
91,10,0.162376552365804
92,0.1,-2.02573042765877
92,2.575,-1.27838173686034
92,5.05,-1.7207598984676
92,7.525,-1.83636562476646
92,10,-1.82790335523064
93,0.1,1.20901225348753
93,2.575,0.278422699814816
93,5.05,-1.92749770381529
93,7.525,0.286002901286067
93,10,-0.112322901312857
94,0.1,0.36672411471857
94,2.575,1.65967203932248
94,5.05,-1.22119543254821
94,7.525,0.64801546248768
94,10,-1.15920997646209
95,0.1,0.512101836214267
95,2.575,1.23386783329226
95,5.05,-1.62568885384867
95,7.525,-1.63225081159679
95,10,-1.27054004401969
96,0.1,1.95769617907212
96,2.575,0.934164990529401
96,5.05,1.19676882286687
96,7.525,0.575850738175608
96,10,0.373351229066507
97,0.1,-0.105090965942329
97,2.575,-0.645777361718407
97,5.05,-0.250146214374661
97,7.525,-2.08145751033623
97,10,0.411566162927595
98,0.1,0.0983735480009039
98,2.575,1.56573842494441
98,5.05,-0.0449403992473906
98,7.525,-0.0821181197969957
98,10,0.988919069190778
99,0.1,2.55592851095706
99,2.575,0.320046719903862
99,5.05,0.178361985954008
99,7.525,0.00183300082858073
99,10,0.63616789648811
100,0.1,1.47666702590727
100,2.575,0.789910938093927
100,5.05,1.48202502717787
100,7.525,0.00914056032301902
100,10,-0.711021968130108
101,0.1,0.329978248566413
101,2.575,-0.597917713203857
101,5.05,-0.788414179200025
101,7.525,-1.42228814017532
101,10,-0.564632642930697
102,0.1,-0.218939906431525
102,2.575,-0.17033469595658
102,5.05,-2.24584129782427
102,7.525,-0.293451316088004
102,10,-0.662956945642447
103,0.1,0.267950376285467
103,2.575,1.27417619191139
103,5.05,-0.0577921388765019
103,7.525,-0.973430716592526
103,10,0.701902432480441
104,0.1,0.911521619003031
104,2.575,2.71250896798777
104,5.05,0.38793266221795
104,7.525,-0.380499483120192
104,10,-0.681825603308662
105,0.1,0.212049953908035
105,2.575,1.56485783268145
105,5.05,-0.0499871592716929
105,7.525,-0.685456762594672
105,10,-1.21910532310425
106,0.1,-0.0398735076581822
106,2.575,-1.75159735027856
106,5.05,0.578434871090399
106,7.525,0.338126871336775
106,10,1.28107981007764
107,0.1,-3.69777124848848
107,2.575,-0.125135965017068
107,5.05,-1.54061767866791
107,7.525,-0.995679918751435
107,10,-1.18136710986601
108,0.1,1.03214415482543
108,2.575,0.466996064824991
108,5.05,1.17179182567546
108,7.525,0.23920569804172
108,10,-0.31367128790472
109,0.1,-1.68690023194075
109,2.575,-0.637820317650104
109,5.05,-0.355754879403201
109,7.525,0.402365093145531
109,10,0.00191963283225871
110,0.1,0.768619073728845
110,2.575,-0.148870892166582
110,5.05,-0.637396571419905
110,7.525,1.2418860964737
110,10,-0.794092478273981
111,0.1,0.715933903075349
111,2.575,-0.633892901914825
111,5.05,0.986306817074555
111,7.525,-0.385070762111328
111,10,-0.180443072934094
112,0.1,-0.484111670050353
112,2.575,-1.47430445620413
112,5.05,-1.56663107027405
112,7.525,-1.64539668957358
112,10,-1.57977617250149
113,0.1,-1.05074545440159
113,2.575,-0.445184405745657
113,5.05,-1.91344411176499
113,7.525,0.31888097757274
113,10,-0.509278562557342
114,0.1,-0.100428002201321
114,2.575,-1.73750422591788
114,5.05,-1.6210085286336
114,7.525,-0.0546801737487231
114,10,-1.48174819820063
115,0.1,0.473431244154621
115,2.575,-0.493143371450146
115,5.05,0.431451847477279
115,7.525,0.44651075813556
115,10,-0.0190120098484011
116,0.1,0.184883519760338
116,2.575,0.532644264445269
116,5.05,0.524868963361756
116,7.525,2.16732647369276
116,10,-0.216896277990043
117,0.1,0.456806457513588
117,2.575,1.65411455492389
117,5.05,-1.297877132485
117,7.525,0.306130405116268
117,10,0.386857941338603
118,0.1,-0.574661764183708
118,2.575,-1.7749552319871
118,5.05,0.512049881994408
118,7.525,-0.507994921064175
118,10,-0.537978268573959
119,0.1,0.487505178291801
119,2.575,-0.668734767725639
119,5.05,-0.994074811983747
119,7.525,-1.24361277886155
119,10,0.556988583243625
120,0.1,0.210692792255226
120,2.575,-1.2000991595733
120,5.05,0.224300223632408
120,7.525,0.486951402920774
120,10,1.21977538031543
121,0.1,-0.293458437877099
121,2.575,-0.30586439160427
121,5.05,-0.202392182879348
121,7.525,-0.319417213676852
121,10,0.464342966303427
122,0.1,0.613038018573156
122,2.575,1.27181492420143
122,5.05,0.177587112982524
122,7.525,-0.146990957172708
122,10,-0.892402222946274
123,0.1,0.393308396386702
123,2.575,0.113433083967593
123,5.05,-0.811685928544441
123,7.525,-0.393640848684884
123,10,-0.954589217875664
124,0.1,0.737706122323515
124,2.575,-1.00916127407512
124,5.05,-0.282390998168718
124,7.525,-1.18322496143296
124,10,-0.0444437323157182
125,0.1,1.46753872452829
125,2.575,-1.02947447733992
125,5.05,0.565187954705913
125,7.525,-1.25852006379163
125,10,-0.743788499533945
126,0.1,-0.694057580642575
126,2.575,-0.93924052725705
126,5.05,-1.14846635253207
126,7.525,-1.5189618738273
126,10,0.574354131627732
127,0.1,-1.09523706764005
127,2.575,-0.143670825121837
127,5.05,-0.0220447590292804
127,7.525,0.070057170738694
127,10,-0.616985911651576
128,0.1,1.32339036487151
128,2.575,0.79190599634373
128,5.05,1.93586030832221
128,7.525,-0.166580684707776
128,10,-0.730224237432282
129,0.1,0.593711376613711
129,2.575,-1.54376269833074
129,5.05,-0.359440024883691
129,7.525,-1.80227980113442
129,10,-0.106360166472663
130,0.1,-1.3797921424675
130,2.575,0.131703908355562
130,5.05,0.19341882114229
130,7.525,0.499466689169211
130,10,0.405114351376618
131,0.1,0.633841769543595
131,2.575,1.9332254201946
131,5.05,1.82556834579721
131,7.525,-0.409950972787428
131,10,0.397761503118874
132,0.1,-1.31459420410134
132,2.575,-1.71894718289621
132,5.05,-1.18916513550785
132,7.525,1.63767865975922
132,10,-0.598145379557447
133,0.1,0.270646506030101
133,2.575,-1.69120089121423
133,5.05,0.438451956976191
133,7.525,0.105617942588751
133,10,-1.23754462006353
134,0.1,0.613484747067663
134,2.575,1.47011788460172
134,5.05,3.1123325043481
134,7.525,-0.558978301151788
134,10,0.417812925618082
135,0.1,-0.219492575023618
135,2.575,0.803708002370452
135,5.05,0.319028627316946
135,7.525,-0.104533552021229
135,10,-0.315150457921449
136,0.1,-0.0754485750151345
136,2.575,-0.024696369372975
136,5.05,-0.753553571727413
136,7.525,-0.353670214620965
136,10,-0.580744577331801
137,0.1,-0.430702913624302
137,2.575,-0.888592122775698
137,5.05,-1.05239832342235
137,7.525,0.908376221788774
137,10,0.092233580623524
138,0.1,-0.00194657501838026
138,2.575,1.41182324070923
138,5.05,-0.80573438958262
138,7.525,-0.0109172407060733
138,10,0.346259171396386
139,0.1,-1.03495276302889
139,2.575,-1.14321409596686
139,5.05,-1.0959535414697
139,7.525,0.23254489578405
139,10,1.55992133151137
140,0.1,-0.456155167147129
140,2.575,0.348891486942157
140,5.05,0.607647832107926
140,7.525,-1.08228714509317
140,10,-0.881116038973741
141,0.1,-1.16732581543886
141,2.575,-1.51597133996673
141,5.05,-1.56437476147334
141,7.525,1.07579040899598
141,10,-0.71401955445813
142,0.1,0.128742724015739
142,2.575,1.3409048869656
142,5.05,-0.0880155493203513
142,7.525,0.387947809616425
142,10,-1.01352416216059
143,0.1,0.789931437009868
143,2.575,0.514731004505194
143,5.05,0.283427961601594
143,7.525,-0.599923270646024
143,10,-0.91897090042677
144,0.1,1.22818306540505
144,2.575,-1.04532597961133
144,5.05,1.09638091814942
144,7.525,0.168846953917966
144,10,-0.487257363003942
145,0.1,-0.23119936176177
145,2.575,0.042032645062427
145,5.05,-1.11905709440854
145,7.525,-1.18245620651588
145,10,-0.94967775188332
146,0.1,1.22253950785513
146,2.575,-0.19834102909927
146,5.05,0.181922014078894
146,7.525,-0.169010898061464
146,10,-0.317507183934052
147,0.1,-1.0535626378022
147,2.575,-1.32391348921917
147,5.05,0.361757145709517
147,7.525,-0.986953295727912
147,10,0.709813504283209
148,0.1,-3.32039344197564
148,2.575,-1.26940433149191
148,5.05,1.0246022476596
148,7.525,-0.0449528388194739
148,10,-0.445490670841834
149,0.1,0.645876381630644
149,2.575,-0.154590514425176
149,5.05,2.26933319813029
149,7.525,1.09528629426888
149,10,0.716878666999141
150,0.1,-0.29941693406928
150,2.575,-0.575817222643094
150,5.05,-0.0856037747524928
150,7.525,-1.21659356892554
150,10,-0.97649192738831
151,0.1,-0.0178734189386986
151,2.575,1.52973338252841
151,5.05,0.531112725785399
151,7.525,0.0600598719892992
151,10,0.581388097094792
152,0.1,0.397228967193219
152,2.575,0.357282024652083
152,5.05,0.423970737666717
152,7.525,-0.48392828116855
152,10,-1.14645262024312
153,0.1,-1.66072601469293
153,2.575,0.236852448080423
153,5.05,-0.0923465165924876
153,7.525,0.306492375696746
153,10,-0.250664769821878
154,0.1,-1.21008231830652
154,2.575,1.08305726797951
154,5.05,1.00840807814727
154,7.525,1.12472056721584
154,10,-1.1243832115545
155,0.1,0.516020483861078
155,2.575,0.620644979738065
155,5.05,0.314798043822875
155,7.525,0.321244450542398
155,10,1.61446562130003
156,0.1,-1.11911460714496
156,2.575,1.55354899752263
156,5.05,0.0694926976028479
156,7.525,0.14514325293709
156,10,0.630726067888607
157,0.1,0.351838106062562
157,2.575,1.52582798878011
157,5.05,-0.567463772068766
157,7.525,-0.102312195711753
157,10,0.98893413200803
158,0.1,0.413568078612392
158,2.575,-0.6210156435698
158,5.05,0.293350782498504
158,7.525,1.05361728718179
158,10,2.23661783584239
159,0.1,-0.197784199624796
159,2.575,-0.0674659201206039
159,5.05,-0.607700507912798
159,7.525,0.422764666608658
159,10,-0.283184619036425
160,0.1,0.367523788851393
160,2.575,0.741246125436992
160,5.05,0.292833736269913
160,7.525,-1.04405978502533
160,10,0.463806687750315
161,0.1,1.09970393963765
161,2.575,-0.0621663572694787
161,5.05,1.21886353434004
161,7.525,-0.415716145820173
161,10,-1.38823131371857
162,0.1,1.04646926039761
162,2.575,-0.191802897573521
162,5.05,0.59567351235725
162,7.525,0.0872313318890096
162,10,1.04632922504785
163,0.1,-1.05324355330484
163,2.575,-0.913123251599989
163,5.05,1.32338078364591
163,7.525,-0.81234630750329
163,10,0.496920231454194
164,0.1,-0.851285303248002
164,2.575,-0.0336605010202514
164,5.05,-0.0821380363473255
164,7.525,-0.871912255660775
164,10,0.59038080229352
165,0.1,1.06451553364367
165,2.575,0.185153655900707
165,5.05,-2.34833420530447
165,7.525,-1.01273902924607
165,10,0.829127759816664
166,0.1,-0.266403587353808
166,2.575,-0.0892084690409118
166,5.05,-0.55164551205147
166,7.525,-0.9237484808874
166,10,-0.359886575337967
167,0.1,-0.653459580177957
167,2.575,0.562816120757681
167,5.05,0.565505784176104
167,7.525,-1.14391222250197
167,10,-0.512778332043454
168,0.1,-1.1022096969922
168,2.575,1.02247746690008
168,5.05,-0.168905713796747
168,7.525,-0.980420923974188
168,10,-1.33297528385471
169,0.1,0.872400939163152
169,2.575,1.07119952125205
169,5.05,1.76734700183268
169,7.525,0.135155760646593
169,10,1.03824263487175
170,0.1,0.414097427001464
170,2.575,1.57090471073357
170,5.05,0.907753298357891
170,7.525,-0.868278861977091
170,10,1.26850545625163
171,0.1,-0.323860819153558
171,2.575,-0.816338572522811
171,5.05,0.0474240051184643
171,7.525,1.18062094914687
171,10,-0.739113517375455
172,0.1,1.49553553375682
172,2.575,-0.222989053644281
172,5.05,-1.50061648593168
172,7.525,-0.938772600375513
172,10,-1.19839076375633
173,0.1,1.45260347115337
173,2.575,0.448727950211984
173,5.05,-0.877095970722429
173,7.525,-1.11466996711352
173,10,1.10404101539155
174,0.1,-0.216307261054572
174,2.575,0.0243323406980604
174,5.05,1.9534452605914
174,7.525,1.58986312574616
174,10,0.976307637501101
175,0.1,1.05784501971893
175,2.575,0.938708014466691
175,5.05,-0.874966472075985
175,7.525,-0.0620281942876818
175,10,-0.607228019835085
176,0.1,-2.23360596626006
176,2.575,0.0583817311450302
176,5.05,-0.386665679757385
176,7.525,1.28255651773264
176,10,0.607871788511093
177,0.1,0.755406410188121
177,2.575,-0.43254477022073
177,5.05,0.824178754186265
177,7.525,-0.388209247994231
177,10,-1.63842869795686
178,0.1,0.143995275693092
178,2.575,-0.00850632468939379
178,5.05,-0.75671945209261
178,7.525,0.533107890219974
178,10,0.223739810094613
179,0.1,-0.0534222193661479
179,2.575,0.00157775976872439
179,5.05,-0.621968542320768
179,7.525,0.259084510951417
179,10,0.593356275641669
180,0.1,-0.801719531502787
180,2.575,-1.37687479836718
180,5.05,0.466166030039485
180,7.525,0.195200711577817
180,10,0.550767835666888
181,0.1,1.04514185557403
181,2.575,1.1027346669605
181,5.05,0.556535401846845
181,7.525,-0.247093671011813
181,10,-0.964367518082411
182,0.1,-0.277359353029096
182,2.575,1.05269780999993
182,5.05,0.0364142089667551
182,7.525,-0.568173181621916
182,10,-0.860061356449329
183,0.1,-0.134806272154103
183,2.575,0.0498516264441058
183,5.05,0.828742456891331
183,7.525,0.324875913130285
183,10,-0.686144212086267
184,0.1,-1.39140972172744
184,2.575,1.66390052893635
184,5.05,1.55510188416924
184,7.525,0.289104056299801
184,10,1.16840567440081
185,0.1,-0.530797692297425
185,2.575,-0.522145838184118
185,5.05,0.186291379268198
185,7.525,-1.66755881127989
185,10,-1.83539997929558
186,0.1,-0.834286610277413
186,2.575,-0.935326991504804
186,5.05,0.714245290426245
186,7.525,-0.740927627291254
186,10,0.577687634671217
187,0.1,-1.17035769450457
187,2.575,-1.994283610028
187,5.05,-1.5309790036167
187,7.525,1.84618223583173
187,10,-0.091864714601918
188,0.1,0.134698432121235
188,2.575,1.131791717111
188,5.05,-0.387273677063517
188,7.525,0.159520560892381
188,10,1.67127350046159
189,0.1,-0.200452878772588
189,2.575,-2.09263112005264
189,5.05,-1.8702296910667
189,7.525,-0.685369144363004
189,10,1.73213288402213
190,0.1,0.284878890750369
190,2.575,-1.65948979601719
190,5.05,-1.53672986395367
190,7.525,0.597098377295769
190,10,-0.222530508272121
191,0.1,0.0900630345906603
191,2.575,1.54048312248895
191,5.05,1.1313806870664
191,7.525,1.32369060821837
191,10,1.49432231157057
192,0.1,0.333817864997602
192,2.575,-0.988019068710606
192,5.05,0.0216062830997996
192,7.525,1.84116951222824
192,10,0.764903767437214
193,0.1,0.245080466272657
193,2.575,1.14431872166377
193,5.05,-1.42606911964262
193,7.525,0.0665345323645225
193,10,-1.8762783421328
194,0.1,0.875932376046028
194,2.575,0.0998997992439969
194,5.05,1.33362677833363
194,7.525,-0.312259437575828
194,10,-1.57537022025344
195,0.1,-0.588159256735289
195,2.575,-0.177080509546693
195,5.05,-0.949957249830164
195,7.525,0.156618039158221
195,10,-0.530086281810461
196,0.1,0.0168088068801591
196,2.575,0.742819241254529
196,5.05,0.710274550618542
196,7.525,0.145009440084752
196,10,1.95780960501523
197,0.1,-1.11784700636138
197,2.575,-1.47204450512461
197,5.05,-0.379487858351649
197,7.525,0.885065654144585
197,10,-0.476715785335361
198,0.1,0.606115847862889
198,2.575,-0.865989501275137
198,5.05,0.204223751131394
198,7.525,-1.49135505238984
198,10,-1.21394269673968
199,0.1,0.973976085679522
199,2.575,0.613168591912112
199,5.05,-0.361433025702633
199,7.525,-0.682408921077934
199,10,-0.679486370824719
200,0.1,0.955183034731757
200,2.575,-1.31561701418208
200,5.05,1.7141744220941
200,7.525,0.359429024501608
200,10,-1.23184953854477
201,0.1,-0.558848247240478
201,2.575,0.217191052107373
201,5.05,-1.2453140966855
201,7.525,-2.73902563642915
201,10,-2.83365118654844
202,0.1,-1.19706197271597
202,2.575,-0.968793716828443
202,5.05,-1.90819385604274
202,7.525,0.602558784754683
202,10,1.09706936652951
203,0.1,-0.153661458007833
203,2.575,-0.283771433322129
203,5.05,0.390369884669794
203,7.525,-0.39027862229054
203,10,0.168960253448132
204,0.1,-0.739637614312195
204,2.575,-1.02103238460181
204,5.05,1.07186817044625
204,7.525,2.09896894272361
204,10,0.331860514512937
205,0.1,-0.903293291445318
205,2.575,-0.374211749804181
205,5.05,1.43872846169872
205,7.525,0.219809747512083
205,10,0.309440054999807
206,0.1,-1.11330309321094
206,2.575,-0.152275611505918
206,5.05,0.455971225722077
206,7.525,-0.0691907748370841
206,10,-1.57014422768458
207,0.1,0.0407928909894353
207,2.575,-0.845293467706887
207,5.05,-1.66663388570944
207,7.525,-1.34078946710625
207,10,1.3958802421248
208,0.1,0.360764894397717
208,2.575,0.83294184427001
208,5.05,-1.04892858858057
208,7.525,-1.21671954837142
208,10,0.311131258526546
209,0.1,1.35523228236367
209,2.575,1.08547031687762
209,5.05,0.522254900128887
209,7.525,-0.0413608846909618
209,10,-1.34343726832134
210,0.1,0.216013323370788
210,2.575,1.72615366602298
210,5.05,-1.12958144725506
210,7.525,-2.44821180062264
210,10,-0.586030135025326
211,0.1,1.92792619343174
211,2.575,2.75229536165192
211,5.05,2.92098729795799
211,7.525,1.39235037060081
211,10,-0.174308407060065
212,0.1,-0.722175946350311
212,2.575,-1.22525121438011
212,5.05,0.120672830733042
212,7.525,0.365674528990153
212,10,0.170092422516643
213,0.1,-0.769693876474871
213,2.575,0.45513087006787
213,5.05,-0.0770268978046723
213,7.525,0.0536026950014643
213,10,0.052966621960078
214,0.1,-0.846286256063728
214,2.575,-0.267084156824008
214,5.05,0.36328717898639
214,7.525,-0.169279864735803
214,10,-1.94947203710123
215,0.1,-0.0297028395743496
215,2.575,1.13742382297038
215,5.05,2.35960327564521
215,7.525,0.305374001676571
215,10,0.718591882423835
216,0.1,-0.217130420111788
216,2.575,1.05962401234897
216,5.05,-0.921588353016646
216,7.525,-0.292511861024278
216,10,-0.42724504405314
217,0.1,0.252028775946061
217,2.575,-1.02254115332435
217,5.05,-0.300128398696238
217,7.525,-1.59828200824016
217,10,-1.68856109216301
218,0.1,-0.0694164329680638
218,2.575,-1.47363651526317
218,5.05,0.435452214939315
218,7.525,1.20725195855115
218,10,-0.263531220221548
219,0.1,-1.6220511281864
219,2.575,-0.307502038685995
219,5.05,-0.725897564861299
219,7.525,-0.84702520184397
219,10,-0.90930639119875
220,0.1,0.738888485237958
220,2.575,-2.09682739745864
220,5.05,-1.6303707772621
220,7.525,0.335177106583472
220,10,1.28047424856719
221,0.1,1.05503973042786
221,2.575,1.78210629394727
221,5.05,-0.0255269451565675
221,7.525,0.690122318277614
221,10,-0.526983906076469
222,0.1,0.013549884052498
222,2.575,0.142382688302286
222,5.05,0.755159514125621
222,7.525,1.29902872228961
222,10,-0.503451342848257
223,0.1,-0.134494906648992
223,2.575,-0.434185577793986
223,5.05,0.609730365048397
223,7.525,1.10940805585762
223,10,-1.93089475442092
224,0.1,-1.1804970129805
224,2.575,-0.623213368664324
224,5.05,-0.993960974807398
224,7.525,-0.947092515967543
224,10,-1.62535396807441
225,0.1,-0.492096182664782
225,2.575,-0.293938689277529
225,5.05,0.845580697579158
225,7.525,-1.12794619249628
225,10,-1.42382980992331
226,0.1,-0.878445200762277
226,2.575,-0.737145178824878
226,5.05,1.57114273443286
226,7.525,1.23807161241568
226,10,0.0233911892169272
227,0.1,-1.00885010596115
227,2.575,2.10167372876723
227,5.05,1.6612935151747
227,7.525,0.71805032869317
227,10,1.67616100715471
228,0.1,-0.190111305939965
228,2.575,1.34693289058085
228,5.05,0.28867691757388
228,7.525,-0.210014743527283
228,10,-1.40484859410238
229,0.1,-1.2854731401414
229,2.575,0.820138774960814
229,5.05,0.259046504462262
229,7.525,0.102379955693584
229,10,0.617933895837435
230,0.1,0.424719633021642
230,2.575,-0.83240946885433
230,5.05,-0.0486885121187024
230,7.525,-0.570440869585536
230,10,-0.328397436462653
231,0.1,0.215024876275343
231,2.575,0.330273946388629
231,5.05,0.732232338774436
231,7.525,-0.184348657698461
231,10,-0.983926043399977
232,0.1,-0.737013784171216
232,2.575,-0.878725597741758
232,5.05,0.234851423155334
232,7.525,0.0759520210234985
232,10,-0.203713427431271
233,0.1,0.888743443678229
233,2.575,-0.049144687501777
233,5.05,-1.20121312285577
233,7.525,-0.685460545164355
233,10,-0.590541291326167
234,0.1,-1.08191835615289
234,2.575,-0.388782951164762
234,5.05,1.60042342990384
234,7.525,-0.622283125533934
234,10,0.131653448593841
235,0.1,-0.340180518106563
235,2.575,-0.425528382339527
235,5.05,1.2544110177001
235,7.525,2.20393658992471
235,10,0.0614572677702928
236,0.1,-0.113029600958527
236,2.575,-0.616498108824947
236,5.05,0.427055613371363
236,7.525,1.74482331846948
236,10,1.19565923338045
237,0.1,1.18344322105497
237,2.575,1.22386496831938
237,5.05,-0.10439557766956
237,7.525,-1.83643624312847
237,10,0.92162587769561
238,0.1,-0.538003499244835
238,2.575,-1.10012243542997
238,5.05,-1.47188820646001
238,7.525,0.934020778469521
238,10,0.964447788879985
239,0.1,0.571160440834086
239,2.575,-1.02827616604003
239,5.05,-1.91161300252662
239,7.525,0.0489997324578773
239,10,1.2004486278916
240,0.1,-0.190549944784392
240,2.575,-1.35092377745497
240,5.05,-0.782997603913142
240,7.525,0.172730087506905
240,10,0.172231908988363
241,0.1,-1.05330175533381
241,2.575,-1.64321021929603
241,5.05,-0.793020008126652
241,7.525,-0.777309448302885
241,10,0.0200501247104135
242,0.1,-1.02900570125987
242,2.575,-1.53703456978596
242,5.05,-0.934726992277647
242,7.525,-0.615395630989426
242,10,0.407616147282144
243,0.1,-1.06223436978518
243,2.575,-1.15463054394922
243,5.05,-1.13466865559726
243,7.525,-0.699264840261426
243,10,-1.79133461355025
244,0.1,-0.993583673166224
244,2.575,0.226527403862144
244,5.05,1.58873738629806
244,7.525,0.57271074458444
244,10,-1.37672668272448
245,0.1,-0.0287710080021136
245,2.575,0.161825078763929
245,5.05,0.931712873615744
245,7.525,0.0669640558149733
245,10,-1.91877721891445
246,0.1,-0.3124149318084
246,2.575,-0.447992345183237
246,5.05,1.51595736172254
246,7.525,0.316501629279828
246,10,-0.39061869563027
247,0.1,-1.27360064258336
247,2.575,0.597396918371242
247,5.05,-1.043560979436
247,7.525,-0.280179980816572
247,10,-0.928919197025408
248,0.1,-0.0383780655400747
248,2.575,0.468614989288899
248,5.05,0.483748738642506
248,7.525,0.824319632875931
248,10,-0.750324984963075
249,0.1,-1.03015404255552
249,2.575,-0.471061913742644
249,5.05,0.440448726935618
249,7.525,1.72798047663672
249,10,0.86910865719664
250,0.1,0.379168344184989
250,2.575,0.900806078696315
250,5.05,1.08295819664876
250,7.525,1.04306734937403
250,10,-0.16067669472367
251,0.1,-0.526778912494746
251,2.575,-0.0112531100947416
251,5.05,0.944592118976941
251,7.525,1.41196775376662
251,10,1.6142578703677
252,0.1,0.417998758471279
252,2.575,-0.174636993620079
252,5.05,-0.186937218031567
252,7.525,-1.91417516233089
252,10,-1.97989036412126
253,0.1,0.470004246761823
253,2.575,3.41670136932325
253,5.05,0.819244692865467
253,7.525,1.52370802830616
253,10,-0.239784205500638
254,0.1,-0.752480672279929
254,2.575,1.16764500053029
254,5.05,-1.91819077297054
254,7.525,0.44995656007701
254,10,0.914352729655768
255,0.1,1.07398493545021
255,2.575,1.67875092518988
255,5.05,0.823975153202072
255,7.525,0.887118848444313
255,10,0.800563991589389
256,0.1,0.924651576353977
256,2.575,-2.28155129771041
256,5.05,0.0617271767459893
256,7.525,1.38590120065489
256,10,1.36989443831688
257,0.1,-2.06274433029925
257,2.575,-1.36428705016103
257,5.05,0.478008025916571
257,7.525,0.948952415440165
257,10,-0.512902473956489
258,0.1,0.493370988213269
258,2.575,0.144339348555171
258,5.05,-0.123177271292806
258,7.525,0.593781433278237
258,10,0.773964762291368
259,0.1,-0.822037857332115
259,2.575,-2.13781646345714
259,5.05,-0.284994737124351
259,7.525,-0.31236423928774
259,10,-0.857448479696232
260,0.1,1.57841711842568
260,2.575,-0.108152308848779
260,5.05,0.0360750170441742
260,7.525,0.328617914623016
260,10,-0.388640671468309
261,0.1,0.407743181417054
261,2.575,-0.762611194995801
261,5.05,-0.826862003862661
261,7.525,-0.79309430055789
261,10,1.40834329266756
262,0.1,1.05947281803875
262,2.575,0.0259177294964368
262,5.05,-0.334664568115873
262,7.525,-0.862387088201406
262,10,0.113138935045035
263,0.1,-1.02225011858411
263,2.575,0.188444209298724
263,5.05,1.11137405005693
263,7.525,0.0193800563620666
263,10,-0.58999777178309
264,0.1,1.55924545553042
264,2.575,0.79032953940451
264,5.05,0.121982473467963
264,7.525,-1.56985843491436
264,10,-0.845743839610598
265,0.1,0.70716665061787
265,2.575,0.243878055812993
265,5.05,1.05655654744087
265,7.525,-0.586442502068698
265,10,-0.173861816598119
266,0.1,-0.125323102069237
266,2.575,0.826655838961448
266,5.05,0.0667216774004621
266,7.525,0.755050904420432
266,10,-0.0747716777407124
267,0.1,0.43968323028169
267,2.575,-2.17214108986871
267,5.05,-0.124913407185639
267,7.525,1.42496930725387
267,10,1.27466963680689
268,0.1,0.330113024653622
268,2.575,-0.656951498104752
268,5.05,0.862636705045905
268,7.525,0.134376369735012
268,10,-0.831655886907623
269,0.1,0.573246872936873
269,2.575,-0.302030868334955
269,5.05,-1.23151833710919
269,7.525,-0.245579224993862
269,10,0.902045668710665
270,0.1,-1.57032665258753
270,2.575,-1.23613657027864
270,5.05,-0.637233709949807
270,7.525,-0.0502904961841459
270,10,-0.545900541984119
271,0.1,0.415111184899892
271,2.575,0.212366634975772
271,5.05,-0.107663756736373
271,7.525,-1.0146469468208
271,10,0.519625268375443
272,0.1,0.740265011686238
272,2.575,1.45951796398427
272,5.05,0.265592652930082
272,7.525,1.90509123674068
272,10,0.144860134501517
273,0.1,-0.349135065503579
273,2.575,-0.653358661009149
273,5.05,-0.64651096374457
273,7.525,0.0914218039620727
273,10,-0.506609493451146
274,0.1,1.10256477937345
274,2.575,1.00965052968685
274,5.05,-0.725563633107764
274,7.525,-2.13850905298047
274,10,-0.520025928931132
275,0.1,0.845522662707049
275,2.575,0.831767199900673
275,5.05,-0.737937478976032
275,7.525,-1.18666720875264
275,10,-3.92159194873958
276,0.1,0.54699347840285
276,2.575,-1.5179775639287
276,5.05,0.860793384991364
276,7.525,0.750491056693528
276,10,-0.0545087834676186
277,0.1,-0.746540709670385
277,2.575,-0.72906858737225
277,5.05,-1.45278707849361
277,7.525,0.449397914291424
277,10,-0.482236916438101
278,0.1,0.371903436677375
278,2.575,-1.09924813775579
278,5.05,-2.33877167410465
278,7.525,0.00972812077682428
278,10,1.4699527206642
279,0.1,0.365771285642642
279,2.575,-1.91327417179173
279,5.05,-0.336422853266988
279,7.525,2.38618417269973
279,10,0.295189589502409
280,0.1,-0.749086041793374
280,2.575,-0.639838912209366
280,5.05,1.26331209645544
280,7.525,0.0679386200533494
280,10,0.144019123084247
281,0.1,0.825658519105471
281,2.575,1.02310458694944
281,5.05,1.79163387638695
281,7.525,0.799813136438053
281,10,0.544844192172532
282,0.1,-0.383057753454743
282,2.575,-1.43133537443863
282,5.05,-0.844401398589355
282,7.525,0.0799883078643546
282,10,0.850188175077206
283,0.1,-0.770378588866387
283,2.575,-2.19459612890561
283,5.05,-0.166591042423177
283,7.525,1.37254489305957
283,10,0.309380545053962
284,0.1,0.651136896367756
284,2.575,0.0362868145703613
284,5.05,-0.102521455524247
284,7.525,0.121993364917779
284,10,-1.1847846449148
285,0.1,-1.30866539457839
285,2.575,-1.65641923114276
285,5.05,-0.539212325376186
285,7.525,0.781495541602003
285,10,-0.422359227120795
286,0.1,-0.649555291942376
286,2.575,0.595211108886638
286,5.05,0.143947414224788
286,7.525,-1.70348650234944
286,10,0.337447022959957
287,0.1,0.0744884772524598
287,2.575,1.12963548697889
287,5.05,-0.0875854443645127
287,7.525,0.913267453164469
287,10,1.00108034154503
288,0.1,0.707936114546967
288,2.575,0.280675440305901
288,5.05,0.867366508357695
288,7.525,0.873258710822736
288,10,-0.332467700073418
289,0.1,-1.48872642411042
289,2.575,-0.174907564359087
289,5.05,-1.03341471661103
289,7.525,0.625680774319929
289,10,0.683259983398442
290,0.1,0.146294061303442
290,2.575,1.15879547788389
290,5.05,1.71884810196514
290,7.525,1.01614226259779
290,10,-1.07809785763687
291,0.1,1.24845257748321
291,2.575,-0.414352105626869
291,5.05,1.02414337525605
291,7.525,-0.0530009001913595
291,10,-0.475322579671215
292,0.1,0.354058805520652
292,2.575,-0.691628726493455
292,5.05,0.126991373831643
292,7.525,1.63902042927559
292,10,1.88642248677781
293,0.1,1.35705749842088
293,2.575,0.827824634455012
293,5.05,-0.076966469724122
293,7.525,0.621168192216807
293,10,0.373935419039265
294,0.1,0.551798420831548
294,2.575,-0.0315240461552339
294,5.05,-0.0461456224677053
294,7.525,2.34233084139037
294,10,-0.0826897734394283
295,0.1,-0.527218179492209
295,2.575,0.195936004514995
295,5.05,-1.29841895205545
295,7.525,-0.914517780001914
295,10,0.0564769217409571
296,0.1,0.319739861371858
296,2.575,0.296903667786772
296,5.05,-0.0704171158979716
296,7.525,-0.551393603149974
296,10,0.687140078050835
297,0.1,-0.573017687674018
297,2.575,0.110300086230759
297,5.05,-0.0460706125647485
297,7.525,0.532894816617405
297,10,-0.763783948360839
298,0.1,-0.737110314860326
298,2.575,1.68088886182631
298,5.05,-0.186006004272823
298,7.525,1.68944863245847
298,10,-1.97348238333064
299,0.1,-1.13778258598688
299,2.575,0.186883122183692
299,5.05,0.735055105707409
299,7.525,-0.169217947883515
299,10,0.635004123687304
300,0.1,1.10729135381098
300,2.575,0.244152695651764
300,5.05,1.13204203120094
300,7.525,-0.792639489167688
300,10,-1.32176013489148
301,0.1,-0.225954897684085
301,2.575,-0.606432563957659
301,5.05,-0.88712595721702
301,7.525,0.286063343652307
301,10,0.50875988819427
302,0.1,0.578127416016552
302,2.575,-0.129397656967997
302,5.05,-0.755624694447832
302,7.525,-0.152534679080012
302,10,1.49651939779623
303,0.1,1.25661239870703
303,2.575,0.192618083500615
303,5.05,0.834466881783107
303,7.525,1.66642584235134
303,10,0.637109741383063
304,0.1,1.28717729309325
304,2.575,0.0785532037876924
304,5.05,0.0173139754277356
304,7.525,1.18075355305525
304,10,0.18999044092683
305,0.1,0.188358286332181
305,2.575,-1.01061660553848
305,5.05,-1.84542693549084
305,7.525,-1.50513957884244
305,10,-1.67280424086756
306,0.1,0.0454946431944962
306,2.575,1.24662560778888
306,5.05,0.353767352807716
306,7.525,-0.204745994286216
306,10,0.379698998241532
307,0.1,-0.969343746435663
307,2.575,0.440033027865479
307,5.05,0.0549073033725321
307,7.525,0.146608366262924
307,10,-0.521608788057691
308,0.1,-0.341767515269818
308,2.575,-1.39152725353309
308,5.05,-1.07542762053036
308,7.525,0.482289212065985
308,10,-0.866978367813589
309,0.1,0.845355312912696
309,2.575,0.141101963397917
309,5.05,-1.03799548671711
309,7.525,-1.83888351106761
309,10,-2.5654648468493
310,0.1,-0.0727533080762195
310,2.575,0.101367995373891
310,5.05,0.682655042289792
310,7.525,0.237875325775585
310,10,0.63284366074665
311,0.1,-0.0826171835599718
311,2.575,-1.50688446932994
311,5.05,0.386715594338691
311,7.525,0.00946458110558855
311,10,-0.318994476916769
312,0.1,0.134537746231226
312,2.575,0.0749514118101478
312,5.05,-0.118210510930799
312,7.525,-0.518155526111859
312,10,1.42937331758688
313,0.1,2.23871678442296
313,2.575,-0.162339085889074
313,5.05,0.977650227581033
313,7.525,0.365865758834307
313,10,1.68274675219666
314,0.1,-0.0458096817521273
314,2.575,0.810096225751045
314,5.05,-0.309112854943317
314,7.525,-0.168006473638255
314,10,-0.378564702643284
315,0.1,-0.0115977465315638
315,2.575,0.418208065933489
315,5.05,-0.276132394781171
315,7.525,-0.976999218364746
315,10,1.51821023766991
316,0.1,1.60295658162179
316,2.575,1.2777241486751
316,5.05,0.306752559492338
316,7.525,-1.48083583039368
316,10,0.976875267089938
317,0.1,-0.618921255310757
317,2.575,-0.953945534735108
317,5.05,0.545138381080545
317,7.525,-0.50636773879861
317,10,-0.678725689083015
318,0.1,-0.0951697232584278
318,2.575,-0.642391563521905
318,5.05,0.0766929719141907
318,7.525,-0.71153201477846
318,10,0.0883422172964175
319,0.1,0.190606115976613
319,2.575,-0.811909776876015
319,5.05,0.727316805992441
319,7.525,-0.639162024043943
319,10,-1.00009426942717
320,0.1,-1.07440160839834
320,2.575,-0.286458390743971
320,5.05,0.455457980937897
320,7.525,0.900792653825773
320,10,-0.446855622208914
321,0.1,-2.70309506350458
321,2.575,-2.03152179305012
321,5.05,-1.22656745597261
321,7.525,-0.162074370846383
321,10,-0.0132461374507349
322,0.1,-0.728615961816415
322,2.575,-3.07612601775614
322,5.05,-0.975422875662225
322,7.525,-0.826925174538648
322,10,0.497225695647151
323,0.1,0.483841133258525
323,2.575,-0.102231305348539
323,5.05,-0.609243338765324
323,7.525,-0.103324376292167
323,10,0.453953438849064
324,0.1,-0.191771997468124
324,2.575,-0.350281035984525
324,5.05,-1.69465533006546
324,7.525,-1.65349027522041
324,10,-1.09115922796903
325,0.1,0.389499283974495
325,2.575,1.05582587249259
325,5.05,0.606337143682681
325,7.525,-0.18988128735453
325,10,0.970952234935959
326,0.1,-1.39947307123084
326,2.575,-2.47741941403632
326,5.05,-0.043429268994209
326,7.525,0.328932812505847
326,10,2.09932217163108
327,0.1,0.628166020200757
327,2.575,0.88480275844508
327,5.05,0.857250682717735
327,7.525,0.820151887380554
327,10,1.19056474823741
328,0.1,0.340220279955273
328,2.575,1.0987075412217
328,5.05,1.90525746072204
328,7.525,0.884029167155466
328,10,0.135942715439055
329,0.1,0.887245829486829
329,2.575,2.68826234659461
329,5.05,4.14060721913128
329,7.525,2.28252628160401
329,10,1.47737594164015
330,0.1,-0.902202782043455
330,2.575,0.441742247210104
330,5.05,2.30658843282158
330,7.525,1.34759407028827
330,10,-0.377389797699403
331,0.1,-0.903477548251185
331,2.575,-0.906770690022702
331,5.05,-1.24924429674114
331,7.525,-0.588516221687994
331,10,-0.00589006638528353
332,0.1,1.40419223448461
332,2.575,-1.78389393008966
332,5.05,-0.750586294760224
332,7.525,-1.28766638835906
332,10,-1.78579345569392
333,0.1,-1.50539994920364
333,2.575,-0.457532352163295
333,5.05,1.86514751874745
333,7.525,-0.413480373438006
333,10,0.42320952910503
334,0.1,-0.229261282114739
334,2.575,0.173693916276756
334,5.05,-0.0226673631870733
334,7.525,1.0895637969524
334,10,0.896684661995057
335,0.1,1.11739150548833
335,2.575,0.328089531370727
335,5.05,-0.0209275998842258
335,7.525,-0.326944701842357
335,10,-0.641601294868127
336,0.1,0.796257054570293
336,2.575,-0.579617881680506
336,5.05,1.32285555250476
336,7.525,0.80187362487107
336,10,1.42184145649002
337,0.1,0.235440784915899
337,2.575,-0.0741605536616952
337,5.05,-1.99324045555223
337,7.525,-0.38791545647544
337,10,-1.95017406899185
338,0.1,-2.06600433903682
338,2.575,-1.69169371990051
338,5.05,-1.08656616964829
338,7.525,-2.28547475429009
338,10,-0.915912002818012
339,0.1,-0.389833344504262
339,2.575,0.14567792768049
339,5.05,-1.09225515942158
339,7.525,-0.879718802346773
339,10,-0.177811717862016
340,0.1,-0.183433078979795
340,2.575,-0.217656802529911
340,5.05,0.0172986534543387
340,7.525,-0.561768069487568
340,10,0.526852374800607
341,0.1,-1.67671419224055
341,2.575,-1.47199622283437
341,5.05,-0.287983669377094
341,7.525,0.734908155549323
341,10,0.249695572257899
342,0.1,-0.80328034810134
342,2.575,0.855186952429998
342,5.05,1.25406650206148
342,7.525,0.360666553600417
342,10,0.425414019692119
343,0.1,-1.34343632807801
343,2.575,0.998756709614474
343,5.05,1.13739055149099
343,7.525,-1.30030737250572
343,10,0.74670516596757
344,0.1,0.265397457052267
344,2.575,0.157286191769722
344,5.05,-1.2273304052177
344,7.525,-1.48024896736763
344,10,-0.815470639217618
345,0.1,0.0540571748918154
345,2.575,0.172602296999937
345,5.05,-1.05660412850846
345,7.525,0.142754227586483
345,10,-0.813304416944076
346,0.1,0.316701019287216
346,2.575,0.00665205773615868
346,5.05,0.387038352160739
346,7.525,-1.61045163447613
346,10,-0.439042784340407
347,0.1,-0.388596355160267
347,2.575,0.574299027960887
347,5.05,-1.22237057026481
347,7.525,-0.887986864043146
347,10,-1.13776502407023
348,0.1,-0.205183750097826
348,2.575,1.57251156692873
348,5.05,2.25222683502685
348,7.525,1.28731748435129
348,10,0.952001513419931
349,0.1,0.477933333998517
349,2.575,-0.21273349854203
349,5.05,-0.14999721162525
349,7.525,-0.515287842575419
349,10,1.00034552348485
350,0.1,-1.3363028978973
350,2.575,0.68540926793963
350,5.05,-0.520745708922992
350,7.525,-1.15461179222189
350,10,-1.20529994741611
351,0.1,-0.394213755733118
351,2.575,-0.953745463749816
351,5.05,0.602351915863177
351,7.525,1.14182645009404
351,10,2.21775567896784
352,0.1,1.52698344843064
352,2.575,-0.388308867695854
352,5.05,0.708544152954245
352,7.525,0.104085815856944
352,10,-0.822659049470492
353,0.1,-0.574666678781317
353,2.575,-0.375669495219965
353,5.05,-0.661791851217591
353,7.525,-0.893615432003165
353,10,-0.403474461068354
354,0.1,-0.652413931681817
354,2.575,0.228212484557029
354,5.05,-0.706218127435892
354,7.525,-1.12455160573187
354,10,0.373222192114094
355,0.1,0.428021556052478
355,2.575,-0.522719661389917
355,5.05,-0.484469915305804
355,7.525,-1.03002398581684
355,10,0.98274290444738
356,0.1,1.4208896178689
356,2.575,-0.0679614778070481
356,5.05,-0.142185144222444
356,7.525,0.235156848546549
356,10,1.60439310594766
357,0.1,-0.708902328478079
357,2.575,0.402048177109618
357,5.05,-1.0765033530282
357,7.525,-1.313605108034
357,10,-0.464035019279056
358,0.1,-1.92043147700661
358,2.575,-0.28837890663732
358,5.05,-0.441077321905332
358,7.525,-1.16289535607018
358,10,0.243125683918102
359,0.1,-0.647183060008375
359,2.575,0.746807849920312
359,5.05,-0.770323412289037
359,7.525,0.0414382979396508
359,10,-0.5108035898518
360,0.1,-0.621046046551588
360,2.575,0.562662488106879
360,5.05,0.259527926089976
360,7.525,0.805465718092908
360,10,0.659864880425957
361,0.1,1.06981124755795
361,2.575,0.0975058223522227
361,5.05,-1.76251947540609
361,7.525,2.08879247911763
361,10,0.460136726117173
362,0.1,-0.00299464862665236
362,2.575,0.663394341405468
362,5.05,-0.534463555233363
362,7.525,0.389593889669581
362,10,-0.13902948514149
363,0.1,0.588116097376136
363,2.575,0.771429027186599
363,5.05,0.383051570787533
363,7.525,0.473716707311322
363,10,2.45484797107546
364,0.1,1.12921997921849
364,2.575,0.254238644410789
364,5.05,0.485422818789255
364,7.525,-0.182871977823267
364,10,0.588143617461706
365,0.1,0.111932445735666
365,2.575,0.515753011591621
365,5.05,-0.0367063346960775
365,7.525,0.643402742850482
365,10,-2.25204482850772
366,0.1,-2.17607324254527
366,2.575,-2.32234653236476
366,5.05,-0.802763529611203
366,7.525,-1.50306982116305
366,10,-1.29312400626737
367,0.1,-1.3764229835202
367,2.575,0.329389658752739
367,5.05,0.976823426305594
367,7.525,0.150306033589981
367,10,1.46786751425063
368,0.1,1.52599100825979
368,2.575,-1.14048182304942
368,5.05,-0.0251096256360208
368,7.525,-0.80065623892467
368,10,-0.173476485954073
369,0.1,-0.985506239966742
369,2.575,-0.390496059891995
369,5.05,1.73477905307464
369,7.525,0.152830436584942
369,10,0.300560894802836
370,0.1,0.581335363815696
370,2.575,1.03671687458522
370,5.05,0.380243442520511
370,7.525,-0.45720758931973
370,10,0.665244712597239
371,0.1,1.32213974431619
371,2.575,1.28190539654393
371,5.05,-0.934075913051673
371,7.525,1.24168552439092
371,10,-1.29578872151182
372,0.1,-1.5024573719797
372,2.575,1.16330588930334
372,5.05,-1.67326784077857
372,7.525,-1.73331586389799
372,10,-0.742991778644872
373,0.1,0.56721705214923
373,2.575,0.457669347494297
373,5.05,0.36594597302567
373,7.525,1.07653326486593
373,10,-0.234104663851763
374,0.1,-1.29009695380587
374,2.575,-2.42479036660746
374,5.05,-1.17182126948375
374,7.525,-2.24236816645395
374,10,-1.99558846951363
375,0.1,-1.70463329262246
375,2.575,-1.88259923807553
375,5.05,-0.40020400917015
375,7.525,-0.0480224912519883
375,10,0.1623050693554
376,0.1,0.105009660887923
376,2.575,1.16399974594171
376,5.05,0.535450750875916
376,7.525,-0.648896024379548
376,10,0.640903607165384
377,0.1,-0.9177678108099
377,2.575,0.963242768706073
377,5.05,-0.493002620188138
377,7.525,0.00055066485674192
377,10,-1.13002893320526
378,0.1,0.836157996948653
378,2.575,1.00099053782668
378,5.05,0.727024342337514
378,7.525,0.487228259789614
378,10,-0.667481829156935
379,0.1,1.24811389250834
379,2.575,2.40943105052658
379,5.05,1.37254577451439
379,7.525,-0.197477929580553
379,10,1.09211501718511
380,0.1,-0.440659997663879
380,2.575,-0.725281528386109
380,5.05,-0.766437609626831
380,7.525,-1.20818927512758
380,10,-1.19829449175814
381,0.1,0.468556417472396
381,2.575,-1.08796724476968
381,5.05,-0.545087166271591
381,7.525,1.60261006915447
381,10,-0.236258573686258
382,0.1,-0.684629896745408
382,2.575,2.30231695135621
382,5.05,-0.891568315807529
382,7.525,-0.531551148330238
382,10,0.512233632473925
383,0.1,-1.53488500468425
383,2.575,0.41741979392871
383,5.05,0.562336859212072
383,7.525,-1.19831035044748
383,10,-2.7122346681556
384,0.1,1.43880102030572
384,2.575,0.218151019660691
384,5.05,-0.20725686291143
384,7.525,-1.84578238119156
384,10,-1.32092483310462
385,0.1,1.31599568394826
385,2.575,0.263396344438131
385,5.05,0.835878374516543
385,7.525,0.194005673606032
385,10,0.270051216967305
386,0.1,2.12831285263365
386,2.575,-0.546803261130782
386,5.05,-0.714658890280561
386,7.525,0.944898147087976
386,10,2.08971188133518
387,0.1,0.137457987364186
387,2.575,1.54331523919862
387,5.05,-0.868101753505933
387,7.525,-1.39995056003967
387,10,1.32102625329229
388,0.1,-0.433721150204798
388,2.575,-0.0986089635885192
388,5.05,-1.19081449755665
388,7.525,0.620751317146306
388,10,1.80473353339355
389,0.1,0.0124070828623814
389,2.575,-0.487234194815223
389,5.05,-2.44525623793132
389,7.525,-0.869396768349669
389,10,-0.683910337243039
390,0.1,-0.555507240578479
390,2.575,-0.148867835689418
390,5.05,-0.291742615610205
390,7.525,1.8270135897587
390,10,1.15691372412713
391,0.1,-0.648286512498727
391,2.575,1.14578442491764
391,5.05,0.247094691084357
391,7.525,0.181806374415202
391,10,-0.303444619160078
392,0.1,0.628071869669655
392,2.575,-0.0436705096910071
392,5.05,0.196446755083989
392,7.525,0.482169653426887
392,10,-0.609848580931859
393,0.1,-1.16585690540787
393,2.575,-0.80702188293209
393,5.05,1.0024636480705
393,7.525,0.555846749728806
393,10,-1.42984563240209
394,0.1,1.42705803040484
394,2.575,-1.80418518462336
394,5.05,-2.2076064099117
394,7.525,-1.11884017777264
394,10,-0.181619423454808
395,0.1,-0.898730265074454
395,2.575,-1.25672958239328
395,5.05,1.37179137667023
395,7.525,2.08495000973489
395,10,0.380155989693188
396,0.1,-0.0766921009138309
396,2.575,0.189756837564038
396,5.05,-0.860170781430849
396,7.525,-1.96128363197944
396,10,0.20210502906812
397,0.1,0.363370774779377
397,2.575,-0.173122143201096
397,5.05,-0.143494117444323
397,7.525,0.204230617764728
397,10,-1.13094409191309
398,0.1,0.790512232898199
398,2.575,-0.481034778248903
398,5.05,-0.598500690841935
398,7.525,0.291558447646594
398,10,0.199205858265959
399,0.1,0.248628899790095
399,2.575,0.34296429710787
399,5.05,-0.623847086930473
399,7.525,-2.02282427122841
399,10,-0.367500911537519
400,0.1,0.315567784762121
400,2.575,0.267546138491478
400,5.05,-0.773457524990684
400,7.525,-1.91642642330481
400,10,-0.738998129219659
401,0.1,0.854892129432711
401,2.575,-0.646416349068028
401,5.05,-0.53027161763751
401,7.525,-1.66090100705111
401,10,-1.19760811539389
402,0.1,1.03061873703949
402,2.575,-1.85719471822172
402,5.05,-0.788460101611115
402,7.525,0.247948860168742
402,10,-0.275589005395462
403,0.1,1.16086151399742
403,2.575,-2.01132528843265
403,5.05,0.325651847441019
403,7.525,0.205463940547135
403,10,-0.497341645874219
404,0.1,0.427281182561012
404,2.575,-0.236770147402644
404,5.05,-0.484996900353513
404,7.525,0.544408209662326
404,10,-0.224763842273394
405,0.1,-0.398847241252556
405,2.575,0.275649566291977
405,5.05,1.33819246730868
405,7.525,-0.44452938198359
405,10,0.460294542008946
406,0.1,0.0878847593393041
406,2.575,1.22619349728005
406,5.05,0.118315184656158
406,7.525,-0.779743737588511
406,10,-0.150293570066848
407,0.1,1.41177128138139
407,2.575,0.234773890157143
407,5.05,-1.67847518488896
407,7.525,1.50704899035291
407,10,2.00853981109311
408,0.1,-1.58003702559655
408,2.575,-2.27508406016248
408,5.05,-0.452084533841234
408,7.525,-0.0201021993678054
408,10,-0.480754824068204
409,0.1,0.388826571935142
409,2.575,-1.14454122656227
409,5.05,-2.2774139577741
409,7.525,0.168736393704415
409,10,-1.31940134466112
410,0.1,0.198045655446827
410,2.575,0.177345423960358
410,5.05,-0.298171309865453
410,7.525,0.296518897554436
410,10,-0.320010889152734
411,0.1,0.284537137210359
411,2.575,1.48461204125718
411,5.05,-0.237744993359284
411,7.525,-1.31168671179801
411,10,-0.548683591860961
412,0.1,-1.68219542768371
412,2.575,0.520029659132166
412,5.05,0.457022930235095
412,7.525,-0.609156962205297
412,10,0.167508367164041
413,0.1,-0.749952073537413
413,2.575,-0.355341262696061
413,5.05,-0.842308445296556
413,7.525,0.282766592179493
413,10,0.285539295203564
414,0.1,-0.347971481059284
414,2.575,0.604098119231386
414,5.05,-0.634365512876572
414,7.525,1.69768383553395
414,10,1.05343092529188
415,0.1,0.10321612566596
415,2.575,-0.0837724375529204
415,5.05,0.0729725006188051
415,7.525,-0.570416184082177
415,10,1.19321036357923
416,0.1,-2.17731612769883
416,2.575,-0.397221357938608
416,5.05,1.09742475749338
416,7.525,1.08313975833485
416,10,0.755987912583451
417,0.1,-2.99336282555538
417,2.575,-1.18656449556242
417,5.05,-0.624502727821359
417,7.525,2.35181296015589
417,10,2.72921322359804
418,0.1,-0.670657601786276
418,2.575,-1.48992664676371
418,5.05,0.239060452520839
418,7.525,-1.13998168103463
418,10,0.684309116705662
419,0.1,-1.18133637161234
419,2.575,-0.949181394247722
419,5.05,0.117894155902209
419,7.525,0.335600312732244
419,10,1.06483780677268
420,0.1,-0.0298250788343146
420,2.575,-0.107378881324834
420,5.05,-0.582382182403465
420,7.525,0.740099229410848
420,10,-0.479782773303358
421,0.1,-0.304934553339842
421,2.575,0.192579491436527
421,5.05,-0.112984015372276
421,7.525,1.08369759832151
421,10,0.619804218596079
422,0.1,-1.3968989649522
422,2.575,-0.932510319771647
422,5.05,-0.670048308994925
422,7.525,0.671001843585511
422,10,0.957472069133898
423,0.1,1.52970781397415
423,2.575,2.06388020280683
423,5.05,1.16815567562345
423,7.525,-0.256496807087862
423,10,-0.155976340614875
424,0.1,-1.01349604360173
424,2.575,-0.228843047589039
424,5.05,0.660357825755527
424,7.525,1.44074371654326
424,10,-0.897077225509442
425,0.1,-0.212543294384164
425,2.575,-1.06381754716787
425,5.05,-1.58790187281361
425,7.525,1.19402670848004
425,10,-0.000220156777866298
426,0.1,-0.74711143595092
426,2.575,-0.591010917908299
426,5.05,0.457527370308165
426,7.525,1.1682969706776
426,10,0.628269096175935
427,0.1,-0.510178341434932
427,2.575,0.991630962781309
427,5.05,1.02321558280761
427,7.525,-0.657667335936539
427,10,-0.736594413946547
428,0.1,1.18098561100236
428,2.575,-0.628797535453924
428,5.05,-1.39649567057416
428,7.525,0.0751001897971831
428,10,0.826911527744314
429,0.1,-2.19260778080422
429,2.575,-0.662756378596405
429,5.05,1.216517797
429,7.525,-0.830715493449469
429,10,0.823041550166355
430,0.1,0.273869525341394
430,2.575,-0.576091032743498
430,5.05,-0.360380029414775
430,7.525,-0.437134097897884
430,10,0.498530704473235
431,0.1,2.58369000725161
431,2.575,2.55052531270344
431,5.05,-0.12739402784103
431,7.525,1.82033899580743
431,10,1.79045159853807
432,0.1,0.333133576985871
432,2.575,1.46025902623718
432,5.05,1.74806437262241
432,7.525,1.01977388222451
432,10,1.04427257106275
433,0.1,0.748284579898832
433,2.575,2.04780669714593
433,5.05,1.0935882196283
433,7.525,-0.250183962879799
433,10,0.655858920531475
434,0.1,2.16020778020484
434,2.575,1.08416696181792
434,5.05,-0.440550258381681
434,7.525,0.249225218337378
434,10,0.546211467264826
435,0.1,1.05147993824406
435,2.575,1.68271376739746
435,5.05,0.711197360938742
435,7.525,0.444103561581314
435,10,1.55594921315989
436,0.1,0.18475746978156
436,2.575,-1.03069552482341
436,5.05,0.27632216348989
436,7.525,-0.382457396989876
436,10,0.603587432634743
437,0.1,-0.617714149093861
437,2.575,0.232192806719262
437,5.05,0.811920315831409
437,7.525,2.71122899967607
437,10,4.01102248336817
438,0.1,1.44728764258995
438,2.575,3.3760469743491
438,5.05,0.822228135234369
438,7.525,0.488823433164187
438,10,-0.655854683422971
439,0.1,0.0925171024918221
439,2.575,-0.730109197762017
439,5.05,-1.0375170000506
439,7.525,-1.94503285271382
439,10,-1.24375235210117
440,0.1,-0.510802434370482
440,2.575,-1.73582297763431
440,5.05,-0.330556624000448
440,7.525,0.697575014940031
440,10,1.88756043750221
441,0.1,1.86107186973398
441,2.575,0.9331714086405
441,5.05,-0.0612257803329347
441,7.525,0.278980605278044
441,10,0.100100840283931
442,0.1,1.13045558077654
442,2.575,0.945175806682794
442,5.05,1.02017422926876
442,7.525,-1.90431225742828
442,10,-1.3753376410723
443,0.1,1.06399483221709
443,2.575,1.67298129640376
443,5.05,1.44490992107361
443,7.525,0.0160190536666193
443,10,0.132408119492665
444,0.1,0.125905895164809
444,2.575,0.465429757200817
444,5.05,0.548403871652516
444,7.525,1.33074016808142
444,10,0.0756130392441408
445,0.1,1.52621721142028
445,2.575,0.445590227728824
445,5.05,0.115885653086655
445,7.525,0.66396863406614
445,10,0.161825612861755
446,0.1,-2.27362753096084
446,2.575,-0.498462409212324
446,5.05,-0.440552930871058
446,7.525,-0.317277716024174
446,10,-1.21855455518152
447,0.1,-2.09067634235565
447,2.575,0.0229469764548993
447,5.05,-0.105991048411491
447,7.525,-0.813075216592647
447,10,-0.606712652277371
448,0.1,-2.97690459302695
448,2.575,-0.33340071120276
448,5.05,1.07163575712266
448,7.525,-0.311711058974499
448,10,-0.528137964059343
449,0.1,1.18557559219102
449,2.575,0.360873795049206
449,5.05,-0.146032677909668
449,7.525,-0.100057091634489
449,10,-0.421243726853796
450,0.1,0.873192898942067
450,2.575,0.608401419220002
450,5.05,-0.292972384913839
450,7.525,1.36008999591917
450,10,0.181320954522251
451,0.1,0.0888938166520975
451,2.575,0.252278692235909
451,5.05,-1.52719739412866
451,7.525,-1.25983706834216
451,10,0.200616745862507
452,0.1,1.18645384075663
452,2.575,1.49800856509975
452,5.05,1.38366804682675
452,7.525,0.5929981479841
452,10,-0.75331993397863
453,0.1,-0.220932230119735
453,2.575,-1.13099880508033
453,5.05,-0.693576177877105
453,7.525,-1.64822783416632
453,10,2.22402063901913
454,0.1,-0.421208446137616
454,2.575,1.69823735407864
454,5.05,0.150177633928455
454,7.525,1.78408819339813
454,10,1.29200485459462
455,0.1,0.208587414720534
455,2.575,2.689276777263
455,5.05,0.402136586383183
455,7.525,-0.944226402031302
455,10,-0.309727923359409
456,0.1,1.57585027640707
456,2.575,-0.607972473888719
456,5.05,-0.668747198377308
456,7.525,0.514613631656008
456,10,-0.344125788489929
457,0.1,-0.404960555695367
457,2.575,-0.0868501718372203
457,5.05,-0.33588758593311
457,7.525,1.03091682339439
457,10,-0.421605445028727
458,0.1,-1.87948335241628
458,2.575,-0.391025810162476
458,5.05,-0.534042562645963
458,7.525,0.285737090988281
458,10,1.31000344325544
459,0.1,0.260350496436145
459,2.575,0.261949588514985
459,5.05,0.989927474794306
459,7.525,-0.237451313716027
459,10,-1.17949539219447
460,0.1,0.551246439161126
460,2.575,0.53325937278417
460,5.05,0.159656073246894
460,7.525,1.4006411697055
460,10,-0.4593723573576
461,0.1,0.0930958191968596
461,2.575,-0.197142934705908
461,5.05,-0.664373452122379
461,7.525,1.26778610007372
461,10,0.0598530279798014
462,0.1,1.09547834266336
462,2.575,-1.28669964782227
462,5.05,-0.156413209258854
462,7.525,-0.699707372029019
462,10,-3.32369093086955
463,0.1,0.341580645934323
463,2.575,0.337129268569898
463,5.05,0.0955690134787285
463,7.525,-1.18341852865644
463,10,-0.434458544682367
464,0.1,0.251552140674443
464,2.575,0.771856505728942
464,5.05,0.0880468886737893
464,7.525,-0.180669476513897
464,10,0.127944870629227
465,0.1,-1.63048979765929
465,2.575,0.959359339740944
465,5.05,1.30659321096006
465,7.525,0.00924023112465205
465,10,-0.33758793629453
466,0.1,-0.188740388736597
466,2.575,-0.343245503461846
466,5.05,-1.34832463877117
466,7.525,-0.815892400542921
466,10,-0.0868166817501276
467,0.1,0.168313898865411
467,2.575,-0.195865549933506
467,5.05,0.383534837560499
467,7.525,-1.54777639693749
467,10,-0.496125626921571
468,0.1,-0.721387602488699
468,2.575,0.351089371375064
468,5.05,-0.969604667203451
468,7.525,0.0115611398598507
468,10,-0.539641661751226
469,0.1,-0.0731579814665923
469,2.575,-0.948948679675867
469,5.05,-0.611065551979254
469,7.525,-1.29716650397869
469,10,-0.298599957435521
470,0.1,0.330662640404026
470,2.575,2.10582660964168
470,5.05,0.731480959646483
470,7.525,1.74771698863654
470,10,1.0355610882446
471,0.1,0.311177339270577
471,2.575,-0.750417645813453
471,5.05,-0.725770305884463
471,7.525,-1.61554602114294
471,10,-1.12503712223976
472,0.1,-0.421513749568233
472,2.575,-0.980518178917204
472,5.05,-1.10204028714624
472,7.525,-0.632320626246894
472,10,0.236726802890597
473,0.1,-2.16875506543409
473,2.575,-0.907812081627723
473,5.05,-0.360418147497721
473,7.525,1.62908130829822
473,10,-0.470159758943832
474,0.1,1.32951792447267
474,2.575,-0.228397377359915
474,5.05,0.387429959664068
474,7.525,0.324436494950849
474,10,1.1899820601326
475,0.1,0.0518043402029332
475,2.575,0.899023822567837
475,5.05,0.847816710736024
475,7.525,-0.532049470529733
475,10,-0.538316957155363
476,0.1,1.22664824693384
476,2.575,0.434575692459402
476,5.05,-0.650654038087573
476,7.525,-2.00430847608238
476,10,0.918677438919427
477,0.1,-0.190723378712394
477,2.575,0.0157498428223069
477,5.05,-0.80133123636906
477,7.525,-1.28638598618177
477,10,-0.598536178208086
478,0.1,-0.672997838770834
478,2.575,-1.04787443140785
478,5.05,-0.546251684063951
478,7.525,-0.479307327694108
478,10,-2.39384694588256
479,0.1,1.12460215549568
479,2.575,0.129947816142361
479,5.05,-0.044398407992348
479,7.525,-0.12073248061686
479,10,-2.11210119507868
480,0.1,-1.40609602083768
480,2.575,-0.984885338602676
480,5.05,-0.556951531111029
480,7.525,-0.0813346413204726
480,10,-0.454723802073385
481,0.1,0.86455756356264
481,2.575,0.927658420979144
481,5.05,-1.46612154256721
481,7.525,0.495630361991743
481,10,0.036808073677308
482,0.1,-0.797321530403617
482,2.575,0.516621642688046
482,5.05,0.997091836120853
482,7.525,-0.426581311254997
482,10,0.547006585391204
483,0.1,0.923264282238207
483,2.575,0.0275362535941175
483,5.05,0.442562815637096
483,7.525,0.894952211245205
483,10,0.666317541800648
484,0.1,1.29120880786917
484,2.575,2.00671229611458
484,5.05,1.1684466288393
484,7.525,0.954502367245361
484,10,1.21571366429335
485,0.1,1.40031708392711
485,2.575,-0.676515965522191
485,5.05,-0.0581034564813031
485,7.525,2.17734166142985
485,10,1.60830052275638
486,0.1,-0.951306340621047
486,2.575,-0.0344392369868668
486,5.05,-0.431468307304116
486,7.525,0.438603432506556
486,10,0.497149553150059
487,0.1,-2.28587953546872
487,2.575,-1.58371262698088
487,5.05,1.39360864745991
487,7.525,-0.210563881830999
487,10,-0.18003965277982
488,0.1,-0.0277038231012007
488,2.575,0.580286146799035
488,5.05,-0.444812690797089
488,7.525,2.30367055335592
488,10,0.208311708694234
489,0.1,0.970604428896867
489,2.575,-0.0993964728055023
489,5.05,-1.70682483689528
489,7.525,-1.3400418904593
489,10,-1.47885294674661
490,0.1,1.3871255496948
490,2.575,2.64079232380762
490,5.05,1.10496475167335
490,7.525,0.977412782836881
490,10,2.73461408340074
491,0.1,1.07282978989083
491,2.575,1.18724905880035
491,5.05,0.365354873396192
491,7.525,-0.199128954872304
491,10,0.0880790456957876
492,0.1,-1.44784051454897
492,2.575,0.190440455172921
492,5.05,-1.46028440427965
492,7.525,-2.46855039148562
492,10,-0.497367578650842
493,0.1,1.09105025499251
493,2.575,0.61894212418882
493,5.05,1.11150602986826
493,7.525,-0.806855976935392
493,10,-0.245979222922631
494,0.1,0.796175522314585
494,2.575,1.53793867678291
494,5.05,-0.171280048961318
494,7.525,1.18136173351065
494,10,1.18781179271169
495,0.1,0.0920749818553345
495,2.575,-0.145766704680453
495,5.05,-0.547264532517635
495,7.525,-1.19952996972873
495,10,0.862769387215251
496,0.1,0.821361321859008
496,2.575,0.611095938470218
496,5.05,-1.16371775256639
496,7.525,-1.03701847012107
496,10,-0.200195629900006
497,0.1,0.454876477088605
497,2.575,-0.620274009820147
497,5.05,1.33187377187586
497,7.525,0.00806635861332783
497,10,-1.04074523128392
498,0.1,0.936477776923899
498,2.575,0.160981075278101
498,5.05,-0.279373469094766
498,7.525,-0.180027421286041
498,10,-0.783836804702724
499,0.1,0.509150384764156
499,2.575,0.226533519193649
499,5.05,-0.268151842564673
499,7.525,0.821139784176917
499,10,-0.856907973760056
500,0.1,1.53455861670127
500,2.575,0.592010693771797
500,5.05,-1.39865008601413
500,7.525,-1.206700054465
500,10,-0.326577875289572
